Workbook
Name lstAction: Lists!$D$2:$D$30
Name lstAssetID: Register[Asset ID]
Name lstLocation: Lists!$C$2:$C$40
Name lstOperator: Lists!$E$2:$E$20
Name lstStatus: Lists!$B$2:$B$30
Name lstType: Lists!$A$2:$A$30
Name VerifyDays: Lists!$G$2

Sheet Dashboard
B1: Device Inventory Dashboard
B2: ="As of "&TEXT(TODAY(),"dd.mm.yyyy")&" • Source: Asset Register" -> As of 24.09.2026 • Source: Asset Register
B4: Total Devices | C4: In Use | D4: In Stock | E4: Under Repair | F4: Damaged | G4: Unverified | H4: Verify Due
B5: =ROWS(Register[Asset ID]) -> 280 | C5: =COUNTIF(Register[Status],"In Use") -> 179 | D5: =COUNTIF(Register[Status],"In Stock") -> 8 | E5: =COUNTIF(Register[Status],"Under Repair") -> 2 | F5: =COUNTIF(Register[Status],"Damaged") -> 7 | G5: =COUNTIF(Register[Status],"Unverified") -> 83 | H5: =COUNTIF(Register[Flags],"*Verify due*") -> 280
B7: Status by Device Type | M7: Data Quality Checks
B8: Device Type | C8: =Lists!$B$2 -> In Use | D8: =Lists!$B$3 -> In Stock | E8: =Lists!$B$4 -> Under Repair | F8: =Lists!$B$5 -> Damaged | G8: =Lists!$B$6 -> Unverified | H8: =Lists!$B$7 -> Not in Use | I8: =Lists!$B$8 -> Disposed | J8: =Lists!$B$9 -> Lost | K8: Total | M8: Check | N8: Count
B9: =Lists!$A$2 -> Tablet 8" | C9: =COUNTIFS(Register[Asset Type],$B9,Register[Status],C$8) -> 37 | D9: =COUNTIFS(Register[Asset Type],$B9,Register[Status],D$8) -> 0 | E9: =COUNTIFS(Register[Asset Type],$B9,Register[Status],E$8) -> 2 | F9: =COUNTIFS(Register[Asset Type],$B9,Register[Status],F$8) -> 0 | G9: =COUNTIFS(Register[Asset Type],$B9,Register[Status],G$8) -> 7 | H9: =COUNTIFS(Register[Asset Type],$B9,Register[Status],H$8) -> 0 | I9: =COUNTIFS(Register[Asset Type],$B9,Register[Status],I$8) -> 0 | J9: =COUNTIFS(Register[Asset Type],$B9,Register[Status],J$8) -> 0 | K9: =COUNTIF(Register[Asset Type],$B9) -> 46 | M9: Missing serial / IMEI | N9: =COUNTIF(Register[Flags],"*No serial*") -> 55
B10: =Lists!$A$3 -> Tablet 10" | C10: =COUNTIFS(Register[Asset Type],$B10,Register[Status],C$8) -> 20 | D10: =COUNTIFS(Register[Asset Type],$B10,Register[Status],D$8) -> 0 | E10: =COUNTIFS(Register[Asset Type],$B10,Register[Status],E$8) -> 0 | F10: =COUNTIFS(Register[Asset Type],$B10,Register[Status],F$8) -> 0 | G10: =COUNTIFS(Register[Asset Type],$B10,Register[Status],G$8) -> 0 | H10: =COUNTIFS(Register[Asset Type],$B10,Register[Status],H$8) -> 0 | I10: =COUNTIFS(Register[Asset Type],$B10,Register[Status],I$8) -> 0 | J10: =COUNTIFS(Register[Asset Type],$B10,Register[Status],J$8) -> 0 | K10: =COUNTIF(Register[Asset Type],$B10) -> 20 | M10: Duplicate serial / IMEI | N10: =COUNTIF(Register[Flags],"*Duplicate serial*") -> 4
B11: =Lists!$A$4 -> PC | C11: =COUNTIFS(Register[Asset Type],$B11,Register[Status],C$8) -> 46 | D11: =COUNTIFS(Register[Asset Type],$B11,Register[Status],D$8) -> 0 | E11: =COUNTIFS(Register[Asset Type],$B11,Register[Status],E$8) -> 0 | F11: =COUNTIFS(Register[Asset Type],$B11,Register[Status],F$8) -> 0 | G11: =COUNTIFS(Register[Asset Type],$B11,Register[Status],G$8) -> 2 | H11: =COUNTIFS(Register[Asset Type],$B11,Register[Status],H$8) -> 1 | I11: =COUNTIFS(Register[Asset Type],$B11,Register[Status],I$8) -> 0 | J11: =COUNTIFS(Register[Asset Type],$B11,Register[Status],J$8) -> 0 | K11: =COUNTIF(Register[Asset Type],$B11) -> 49 | M11: Duplicate device name | N11: =COUNTIF(Register[Flags],"*Duplicate name*") -> 2
B12: =Lists!$A$5 -> VHF | C12: =COUNTIFS(Register[Asset Type],$B12,Register[Status],C$8) -> 76 | D12: =COUNTIFS(Register[Asset Type],$B12,Register[Status],D$8) -> 8 | E12: =COUNTIFS(Register[Asset Type],$B12,Register[Status],E$8) -> 0 | F12: =COUNTIFS(Register[Asset Type],$B12,Register[Status],F$8) -> 7 | G12: =COUNTIFS(Register[Asset Type],$B12,Register[Status],G$8) -> 74 | H12: =COUNTIFS(Register[Asset Type],$B12,Register[Status],H$8) -> 0 | I12: =COUNTIFS(Register[Asset Type],$B12,Register[Status],I$8) -> 0 | J12: =COUNTIFS(Register[Asset Type],$B12,Register[Status],J$8) -> 0 | K12: =COUNTIF(Register[Asset Type],$B12) -> 165 | M12: Missing location | N12: =COUNTIF(Register[Flags],"*No location*") -> 118
B13: Total | C13: =SUM(C9:C12) -> 179 | D13: =SUM(D9:D12) -> 8 | E13: =SUM(E9:E12) -> 2 | F13: =SUM(F9:F12) -> 7 | G13: =SUM(G9:G12) -> 83 | H13: =SUM(H9:H12) -> 1 | I13: =SUM(I9:I12) -> 0 | J13: =SUM(J9:J12) -> 0 | K13: =SUM(K9:K12) -> 280 | M13: Verification due | N13: =COUNTIF(Register[Flags],"*Verify due*") -> 280
M14: Filter the Flags column on the Asset Register to see the rows.
B16: Devices by Location | M16: Quick Asset Lookup
B17: Location | C17: =Lists!$A$2 -> Tablet 8" | D17: =Lists!$A$3 -> Tablet 10" | E17: =Lists!$A$4 -> PC | F17: =Lists!$A$5 -> VHF | G17: Total | M17: Enter Asset ID → | N17: TAB8-001
B18: =Lists!$C$2 -> COD | C18: =COUNTIFS(Register[Location],$B18,Register[Asset Type],C$17) -> 21 | D18: =COUNTIFS(Register[Location],$B18,Register[Asset Type],D$17) -> 11 | E18: =COUNTIFS(Register[Location],$B18,Register[Asset Type],E$17) -> 0 | F18: =COUNTIFS(Register[Location],$B18,Register[Asset Type],F$17) -> 6 | G18: =SUM(C18:F18) -> 38 | M18: Asset Type | N18: =IFERROR(_xlfn.XLOOKUP($N$17,Register[Asset ID],Register[Asset Type])&"","Not found") -> Tablet 8"
B19: =Lists!$C$3 -> Container Yard | C19: =COUNTIFS(Register[Location],$B19,Register[Asset Type],C$17) -> 3 | D19: =COUNTIFS(Register[Location],$B19,Register[Asset Type],D$17) -> 4 | E19: =COUNTIFS(Register[Location],$B19,Register[Asset Type],E$17) -> 0 | F19: =COUNTIFS(Register[Location],$B19,Register[Asset Type],F$17) -> 3 | G19: =SUM(C19:F19) -> 10 | M19: Device Name / Code | N19: =IFERROR(_xlfn.XLOOKUP($N$17,Register[Asset ID],Register[Device Name / Code])&"","Not found") -> Tab 1
B20: =Lists!$C$4 -> Thilafushi | C20: =COUNTIFS(Register[Location],$B20,Register[Asset Type],C$17) -> 1 | D20: =COUNTIFS(Register[Location],$B20,Register[Asset Type],D$17) -> 1 | E20: =COUNTIFS(Register[Location],$B20,Register[Asset Type],E$17) -> 0 | F20: =COUNTIFS(Register[Location],$B20,Register[Asset Type],F$17) -> 0 | G20: =SUM(C20:F20) -> 2 | M20: Brand | N20: =IFERROR(_xlfn.XLOOKUP($N$17,Register[Asset ID],Register[Brand])&"","Not found")
B21: =Lists!$C$5 -> HMT | C21: =COUNTIFS(Register[Location],$B21,Register[Asset Type],C$17) -> 6 | D21: =COUNTIFS(Register[Location],$B21,Register[Asset Type],D$17) -> 4 | E21: =COUNTIFS(Register[Location],$B21,Register[Asset Type],E$17) -> 0 | F21: =COUNTIFS(Register[Location],$B21,Register[Asset Type],F$17) -> 0 | G21: =SUM(C21:F21) -> 10 | M21: Model | N21: =IFERROR(_xlfn.XLOOKUP($N$17,Register[Asset ID],Register[Model])&"","Not found")
B22: =Lists!$C$6 -> Marine Craft | C22: =COUNTIFS(Register[Location],$B22,Register[Asset Type],C$17) -> 5 | D22: =COUNTIFS(Register[Location],$B22,Register[Asset Type],D$17) -> 0 | E22: =COUNTIFS(Register[Location],$B22,Register[Asset Type],E$17) -> 0 | F22: =COUNTIFS(Register[Location],$B22,Register[Asset Type],F$17) -> 0 | G22: =SUM(C22:F22) -> 5 | M22: Serial / IMEI | N22: =IFERROR(_xlfn.XLOOKUP($N$17,Register[Asset ID],Register[Serial / IMEI])&"","Not found") -> 350675291199268
B23: =Lists!$C$7 -> Yard Office | C23: =COUNTIFS(Register[Location],$B23,Register[Asset Type],C$17) -> 1 | D23: =COUNTIFS(Register[Location],$B23,Register[Asset Type],D$17) -> 0 | E23: =COUNTIFS(Register[Location],$B23,Register[Asset Type],E$17) -> 0 | F23: =COUNTIFS(Register[Location],$B23,Register[Asset Type],F$17) -> 0 | G23: =SUM(C23:F23) -> 1 | M23: Inventory No. | N23: =IFERROR(_xlfn.XLOOKUP($N$17,Register[Asset ID],Register[Inventory No.])&"","Not found")
B24: =Lists!$C$8 -> IT | C24: =COUNTIFS(Register[Location],$B24,Register[Asset Type],C$17) -> 2 | D24: =COUNTIFS(Register[Location],$B24,Register[Asset Type],D$17) -> 0 | E24: =COUNTIFS(Register[Location],$B24,Register[Asset Type],E$17) -> 0 | F24: =COUNTIFS(Register[Location],$B24,Register[Asset Type],F$17) -> 0 | G24: =SUM(C24:F24) -> 2 | M24: Asset No. | N24: =IFERROR(_xlfn.XLOOKUP($N$17,Register[Asset ID],Register[Asset No.])&"","Not found") -> MPL-CGO-OEQ-TBLT-00039
B25: =Lists!$C$9 -> POD-MCH | C25: =COUNTIFS(Register[Location],$B25,Register[Asset Type],C$17) -> 0 | D25: =COUNTIFS(Register[Location],$B25,Register[Asset Type],D$17) -> 0 | E25: =COUNTIFS(Register[Location],$B25,Register[Asset Type],E$17) -> 0 | F25: =COUNTIFS(Register[Location],$B25,Register[Asset Type],F$17) -> 67 | G25: =SUM(C25:F25) -> 67 | M25: SIM / Operator | N25: =IFERROR(_xlfn.XLOOKUP($N$17,Register[Asset ID],Register[SIM / Operator])&"","Not found") -> Dhiraagu 10GB
B26: =Lists!$C$10 -> POD-HMT | C26: =COUNTIFS(Register[Location],$B26,Register[Asset Type],C$17) -> 0 | D26: =COUNTIFS(Register[Location],$B26,Register[Asset Type],D$17) -> 0 | E26: =COUNTIFS(Register[Location],$B26,Register[Asset Type],E$17) -> 0 | F26: =COUNTIFS(Register[Location],$B26,Register[Asset Type],F$17) -> 10 | G26: =SUM(C26:F26) -> 10 | M26: Location | N26: =IFERROR(_xlfn.XLOOKUP($N$17,Register[Asset ID],Register[Location])&"","Not found") -> COD
B27: =Lists!$C$11 -> POD Office | C27: =COUNTIFS(Register[Location],$B27,Register[Asset Type],C$17) -> 0 | D27: =COUNTIFS(Register[Location],$B27,Register[Asset Type],D$17) -> 0 | E27: =COUNTIFS(Register[Location],$B27,Register[Asset Type],E$17) -> 0 | F27: =COUNTIFS(Register[Location],$B27,Register[Asset Type],F$17) -> 5 | G27: =SUM(C27:F27) -> 5 | M27: Assigned To / Shift | N27: =IFERROR(_xlfn.XLOOKUP($N$17,Register[Asset ID],Register[Assigned To / Shift])&"","Not found") -> B Tallies
B28: =Lists!$C$12 -> Gear Store | C28: =COUNTIFS(Register[Location],$B28,Register[Asset Type],C$17) -> 0 | D28: =COUNTIFS(Register[Location],$B28,Register[Asset Type],D$17) -> 0 | E28: =COUNTIFS(Register[Location],$B28,Register[Asset Type],E$17) -> 0 | F28: =COUNTIFS(Register[Location],$B28,Register[Asset Type],F$17) -> 1 | G28: =SUM(C28:F28) -> 1 | M28: Status | N28: =IFERROR(_xlfn.XLOOKUP($N$17,Register[Asset ID],Register[Status])&"","Not found") -> In Use
B29: =Lists!$C$13 -> Cargo Office | C29: =COUNTIFS(Register[Location],$B29,Register[Asset Type],C$17) -> 0 | D29: =COUNTIFS(Register[Location],$B29,Register[Asset Type],D$17) -> 0 | E29: =COUNTIFS(Register[Location],$B29,Register[Asset Type],E$17) -> 0 | F29: =COUNTIFS(Register[Location],$B29,Register[Asset Type],F$17) -> 1 | G29: =SUM(C29:F29) -> 1 | M29: Issued Date | N29: =IFERROR(TEXT(_xlfn.XLOOKUP($N$17,Register[Asset ID],Register[Issued Date]),"dd.mm.yyyy;;"),"")
B30: =Lists!$C$14 -> MCD | C30: =COUNTIFS(Register[Location],$B30,Register[Asset Type],C$17) -> 0 | D30: =COUNTIFS(Register[Location],$B30,Register[Asset Type],D$17) -> 0 | E30: =COUNTIFS(Register[Location],$B30,Register[Asset Type],E$17) -> 0 | F30: =COUNTIFS(Register[Location],$B30,Register[Asset Type],F$17) -> 3 | G30: =SUM(C30:F30) -> 3 | M30: Last Verified | N30: =IFERROR(TEXT(_xlfn.XLOOKUP($N$17,Register[Asset ID],Register[Last Verified]),"dd.mm.yyyy;;"),"")
B31: =Lists!$C$15 -> Office | C31: =COUNTIFS(Register[Location],$B31,Register[Asset Type],C$17) -> 0 | D31: =COUNTIFS(Register[Location],$B31,Register[Asset Type],D$17) -> 0 | E31: =COUNTIFS(Register[Location],$B31,Register[Asset Type],E$17) -> 0 | F31: =COUNTIFS(Register[Location],$B31,Register[Asset Type],F$17) -> 2 | G31: =SUM(C31:F31) -> 2 | M31: Flags | N31: =IFERROR(_xlfn.XLOOKUP($N$17,Register[Asset ID],Register[Flags])&"","Not found") -> Verify due
B32: =Lists!$C$16 -> MCH | C32: =COUNTIFS(Register[Location],$B32,Register[Asset Type],C$17) -> 0 | D32: =COUNTIFS(Register[Location],$B32,Register[Asset Type],D$17) -> 0 | E32: =COUNTIFS(Register[Location],$B32,Register[Asset Type],E$17) -> 0 | F32: =COUNTIFS(Register[Location],$B32,Register[Asset Type],F$17) -> 5 | G32: =SUM(C32:F32) -> 5 | M32: Remarks | N32: =IFERROR(_xlfn.XLOOKUP($N$17,Register[Asset ID],Register[Remarks])&"","Not found") -> At COD / Currently in use
B33: (No location) | C33: =COUNTIFS(Register[Location],"",Register[Asset Type],C$17) -> 7 | D33: =COUNTIFS(Register[Location],"",Register[Asset Type],D$17) -> 0 | E33: =COUNTIFS(Register[Location],"",Register[Asset Type],E$17) -> 49 | F33: =COUNTIFS(Register[Location],"",Register[Asset Type],F$17) -> 62 | G33: =SUM(C33:F33) -> 118 | M33: Last movement | N33: =IFERROR(TEXT(_xlfn.MAXIFS(MoveLog[Date],MoveLog[Asset ID],$N$17),"dd.mm.yyyy;;")&"","")
B34: Total | C34: =SUM(C18:C33) -> 46 | D34: =SUM(D18:D33) -> 20 | E34: =SUM(E18:E33) -> 49 | F34: =SUM(F18:F33) -> 165 | G34: =SUM(G18:G33) -> 280

Sheet Asset Register
A1: Asset Register — Tablets, PCs & VHFs
A2: Master list (one row per device). Edit here. Use the Movement Log to record hand-overs & repairs. Columns Q–R are calculated.
A4: Asset ID | B4: Asset Type | C4: Device Name / Code | D4: Brand | E4: Model | F4: Serial / IMEI | G4: Inventory No. | H4: Asset No. | I4: Alt Ref No. | J4: SIM / Operator | K4: Location | L4: Assigned To / Shift | M4: Status | N4: Issued Date | O4: Last OS Update | P4: Last Verified | Q4: Days Since Verified | R4: Flags | S4: Repair History | T4: Remarks | U4: Source
A5: TAB8-001 | B5: Tablet 8" | C5: Tab 1 | F5: 350675291199268 | H5: MPL-CGO-OEQ-TBLT-00039 | I5: MPL14916 | J5: Dhiraagu 10GB | K5: COD | L5: B Tallies | M5: In Use | Q5: =IF(Register[[#This Row],[Last Verified]]="","",TODAY()-Register[[#This Row],[Last Verified]]) | R5: =_xlfn.TEXTJOIN(", ",TRUE,IF(Register[[#This Row],[Serial / IMEI]]="","No serial",""),IF(AND(Register[[#This Row],[Serial / IMEI]]<>"",COUNTIF(Register[Serial / IMEI],Register[[#This Row],[Serial / IMEI]])>1),"Duplicate serial",""),IF(AND(Register[[#This Row],[Asset Type]]<>"VHF",COUNTIFS(Register[Device Name / Code],Register[[#This Row],[Device Name / Code]],Register[Asset Type],Register[[#This Row],[Asset Type]])>1),"Duplicate name",""),IF(Register[[#This Row],[Location]]="","No location",""),IF(OR(Register[[#This Row],[Last Verified]]="",N(Register[[#This Row],[Days Since Verified]])>VerifyDays),"Verify due","")) -> Verify due | T5: At COD / Currently in use | U5: Tab 8" row 3
A6: TAB8-002 | B6: Tablet 8" | C6: Tab 2 | F6: 350675291330186 | H6: MPL-CGO-OEQ-TBLT-00040 | I6: MPL14915 | J6: Dhiraagu 10GB | K6: Container Yard | L6: C Yard | M6: In Use | N6: 44829 | Q6: =IF(Register[[#This Row],[Last Verified]]="","",TODAY()-Register[[#This Row],[Last Verified]]) | R6: =_xlfn.TEXTJOIN(", ",TRUE,IF(Register[[#This Row],[Serial / IMEI]]="","No serial",""),IF(AND(Register[[#This Row],[Serial / IMEI]]<>"",COUNTIF(Register[Serial / IMEI],Register[[#This Row],[Serial / IMEI]])>1),"Duplicate serial",""),IF(AND(Register[[#This Row],[Asset Type]]<>"VHF",COUNTIFS(Register[Device Name / Code],Register[[#This Row],[Device Name / Code]],Register[Asset Type],Register[[#This Row],[Asset Type]])>1),"Duplicate name",""),IF(Register[[#This Row],[Location]]="","No location",""),IF(OR(Register[[#This Row],[Last Verified]]="",N(Register[[#This Row],[Days Since Verified]])>VerifyDays),"Verify due","")) -> Verify due | T6: Container Yard (25.09.2022) | U6: Tab 8" row 4
A7: TAB8-003 | B7: Tablet 8" | C7: Tab 3 | F7: 350675291332695 | H7: MPL-CGO-OEQ-TBLT-00041 | I7: MPL14914 | J7: Dhiraagu 10GB | K7: COD | L7: C Tallies | M7: In Use | O7: 44592 | Q7: =IF(Register[[#This Row],[Last Verified]]="","",TODAY()-Register[[#This Row],[Last Verified]]) | R7: =_xlfn.TEXTJOIN(", ",TRUE,IF(Register[[#This Row],[Serial / IMEI]]="","No serial",""),IF(AND(Register[[#This Row],[Serial / IMEI]]<>"",COUNTIF(Register[Serial / IMEI],Register[[#This Row],[Serial / IMEI]])>1),"Duplicate serial",""),IF(AND(Register[[#This Row],[Asset Type]]<>"VHF",COUNTIFS(Register[Device Name / Code],Register[[#This Row],[Device Name / Code]],Register[Asset Type],Register[[#This Row],[Asset Type]])>1),"Duplicate name",""),IF(Register[[#This Row],[Location]]="","No location",""),IF(OR(Register[[#This Row],[Last Verified]]="",N(Register[[#This Row],[Days Since Verified]])>VerifyDays),"Verify due","")) -> Verify due | S7: Battery Replaced 11.12.2024 | T7: At COD / Currently in use | U7: Tab 8" row 5
A8: TAB8-004 | B8: Tablet 8" | C8: Tab 4 | F8: 350675291222482 | H8: MPL-CGO-OEQ-TBLT-00042 | I8: MPL14913 | J8: Dhiraagu 10GB | K8: Container Yard | L8: C Yard | M8: In Use | N8: 44348 | Q8: =IF(Register[[#This Row],[Last Verified]]="","",TODAY()-Register[[#This Row],[Last Verified]]) | R8: =_xlfn.TEXTJOIN(", ",TRUE,IF(Register[[#This Row],[Serial / IMEI]]="","No serial",""),IF(AND(Register[[#This Row],[Serial / IMEI]]<>"",COUNTIF(Register[Serial / IMEI],Register[[#This Row],[Serial / IMEI]])>1),"Duplicate serial",""),IF(AND(Register[[#This Row],[Asset Type]]<>"VHF",COUNTIFS(Register[Device Name / Code],Register[[#This Row],[Device Name / Code]],Register[Asset Type],Register[[#This Row],[Asset Type]])>1),"Duplicate name",""),IF(Register[[#This Row],[Location]]="","No location",""),IF(OR(Register[[#This Row],[Last Verified]]="",N(Register[[#This Row],[Days Since Verified]])>VerifyDays),"Verify due","")) -> Verify due | T8: Container Yard (01.06.2021) | U8: Tab 8" row 6
A9: TAB8-005 | B9: Tablet 8" | C9: Tab 5 | F9: 350675291334022 | H9: MPL-CGO-OEQ-TBLT-00043 | I9: MPL14912 | J9: Dhiraagu 10GB | K9: Thilafushi | L9: Security | M9: In Use | Q9: =IF(Register[[#This Row],[Last Verified]]="","",TODAY()-Register[[#This Row],[Last Verified]]) | R9: =_xlfn.TEXTJOIN(", ",TRUE,IF(Register[[#This Row],[Serial / IMEI]]="","No serial",""),IF(AND(Register[[#This Row],[Serial / IMEI]]<>"",COUNTIF(Register[Serial / IMEI],Register[[#This Row],[Serial / IMEI]])>1),"Duplicate serial",""),IF(AND(Register[[#This Row],[Asset Type]]<>"VHF",COUNTIFS(Register[Device Name / Code],Register[[#This Row],[Device Name / Code]],Register[Asset Type],Register[[#This Row],[Asset Type]])>1),"Duplicate name",""),IF(Register[[#This Row],[Location]]="","No location",""),IF(OR(Register[[#This Row],[Last Verified]]="",N(Register[[#This Row],[Days Since Verified]])>VerifyDays),"Verify due","")) -> Verify due | T9: Security for Thilafushi Ops | U9: Tab 8" row 7
A10: TAB8-006 | B10: Tablet 8" | C10: Tab 6 | F10: 350675291228877 | H10: MPL-CGO-OEQ-TBLT-00044 | I10: MPL14911 | J10: Dhiraagu 10GB | K10: HMT | M10: In Use | N10: 44339 | Q10: =IF(Register[[#This Row],[Last Verified]]="","",TODAY()-Register[[#This Row],[Last Verified]]) | R10: =_xlfn.TEXTJOIN(", ",TRUE,IF(Register[[#This Row],[Serial / IMEI]]="","No serial",""),IF(AND(Register[[#This Row],[Serial / IMEI]]<>"",COUNTIF(Register[Serial / IMEI],Register[[#This Row],[Serial / IMEI]])>1),"Duplicate serial",""),IF(AND(Register[[#This Row],[Asset Type]]<>"VHF",COUNTIFS(Register[Device Name / Code],Register[[#This Row],[Device Name / Code]],Register[Asset Type],Register[[#This Row],[Asset Type]])>1),"Duplicate name",""),IF(Register[[#This Row],[Location]]="","No location",""),IF(OR(Register[[#This Row],[Last Verified]]="",N(Register[[#This Row],[Days Since Verified]])>VerifyDays),"Verify due","")) -> Verify due | T10: Use in HMT(sent on 23.05.2021) | U10: Tab 8" row 8
A11: TAB8-007 | B11: Tablet 8" | C11: Tab 7 | F11: 350675291228992 | H11: MPL-CGO-OEQ-TBLT-00045 | I11: MPL14910 | J11: Dhiraagu 10GB | K11: HMT | M11: In Use | N11: 44339 | Q11: =IF(Register[[#This Row],[Last Verified]]="","",TODAY()-Register[[#This Row],[Last Verified]]) | R11: =_xlfn.TEXTJOIN(", ",TRUE,IF(Register[[#This Row],[Serial / IMEI]]="","No serial",""),IF(AND(Register[[#This Row],[Serial / IMEI]]<>"",COUNTIF(Register[Serial / IMEI],Register[[#This Row],[Serial / IMEI]])>1),"Duplicate serial",""),IF(AND(Register[[#This Row],[Asset Type]]<>"VHF",COUNTIFS(Register[Device Name / Code],Register[[#This Row],[Device Name / Code]],Register[Asset Type],Register[[#This Row],[Asset Type]])>1),"Duplicate name",""),IF(Register[[#This Row],[Location]]="","No location",""),IF(OR(Register[[#This Row],[Last Verified]]="",N(Register[[#This Row],[Days Since Verified]])>VerifyDays),"Verify due","")) -> Verify due | T11: Use in HMT(sent on 23.05.2021) | U11: Tab 8" row 9
A12: TAB8-008 | B12: Tablet 8" | C12: Tab 8 | F12: 350675291331135 | H12: MPL-CGO-OEQ-TBLT-00046 | I12: MPL14909 | J12: Dhiraagu 10GB | K12: COD | L12: A Tallies | M12: In Use | Q12: =IF(Register[[#This Row],[Last Verified]]="","",TODAY()-Register[[#This Row],[Last Verified]]) | R12: =_xlfn.TEXTJOIN(", ",TRUE,IF(Register[[#This Row],[Serial / IMEI]]="","No serial",""),IF(AND(Register[[#This Row],[Serial / IMEI]]<>"",COUNTIF(Register[Serial / IMEI],Register[[#This Row],[Serial / IMEI]])>1),"Duplicate serial",""),IF(AND(Register[[#This Row],[Asset Type]]<>"VHF",COUNTIFS(Register[Device Name / Code],Register[[#This Row],[Device Name / Code]],Register[Asset Type],Register[[#This Row],[Asset Type]])>1),"Duplicate name",""),IF(Register[[#This Row],[Location]]="","No location",""),IF(OR(Register[[#This Row],[Last Verified]]="",N(Register[[#This Row],[Days Since Verified]])>VerifyDays),"Verify due","")) -> Verify due | T12: At COD / Currently in use | U12: Tab 8" row 10
A13: TAB8-009 | B13: Tablet 8" | C13: Tab 9 | F13: 350675291329451 | H13: MPL-CGO-OEQ-TBLT-00047 | I13: MPL14908 | J13: Dhiraagu 10GB | K13: COD | L13: A Tallies | M13: In Use | Q13: =IF(Register[[#This Row],[Last Verified]]="","",TODAY()-Register[[#This Row],[Last Verified]]) | R13: =_xlfn.TEXTJOIN(", ",TRUE,IF(Register[[#This Row],[Serial / IMEI]]="","No serial",""),IF(AND(Register[[#This Row],[Serial / IMEI]]<>"",COUNTIF(Register[Serial / IMEI],Register[[#This Row],[Serial / IMEI]])>1),"Duplicate serial",""),IF(AND(Register[[#This Row],[Asset Type]]<>"VHF",COUNTIFS(Register[Device Name / Code],Register[[#This Row],[Device Name / Code]],Register[Asset Type],Register[[#This Row],[Asset Type]])>1),"Duplicate name",""),IF(Register[[#This Row],[Location]]="","No location",""),IF(OR(Register[[#This Row],[Last Verified]]="",N(Register[[#This Row],[Days Since Verified]])>VerifyDays),"Verify due","")) -> Verify due | T13: At COD / Currently in use | U13: Tab 8" row 11
A14: TAB8-010 | B14: Tablet 8" | C14: Tab 10 | F14: 350675291331085 | H14: MPL-CGO-OEQ-TBLT-00048 | I14: MPL14907 | J14: Dhiraagu 10GB | K14: Yard Office | M14: In Use | N14: 44307 | Q14: =IF(Register[[#This Row],[Last Verified]]="","",TODAY()-Register[[#This Row],[Last Verified]]) | R14: =_xlfn.TEXTJOIN(", ",TRUE,IF(Register[[#This Row],[Serial / IMEI]]="","No serial",""),IF(AND(Register[[#This Row],[Serial / IMEI]]<>"",COUNTIF(Register[Serial / IMEI],Register[[#This Row],[Serial / IMEI]])>1),"Duplicate serial",""),IF(AND(Register[[#This Row],[Asset Type]]<>"VHF",COUNTIFS(Register[Device Name / Code],Register[[#This Row],[Device Name / Code]],Register[Asset Type],Register[[#This Row],[Asset Type]])>1),"Duplicate name",""),IF(Register[[#This Row],[Location]]="","No location",""),IF(OR(Register[[#This Row],[Last Verified]]="",N(Register[[#This Row],[Days Since Verified]])>VerifyDays),"Verify due","")) -> Verify due | T14: Yard Office (21.04.2021) | U14: Tab 8" row 12
A15: TAB8-011 | B15: Tablet 8" | C15: Tab 11 | F15: 350675291228844 | H15: MPL-CGO-OEQ-TBLT-00051 | I15: MPL14906 | J15: Dhiraagu 10GB | K15: COD | L15: B Tallies | M15: In Use | Q15: =IF(Register[[#This Row],[Last Verified]]="","",TODAY()-Register[[#This Row],[Last Verified]]) | R15: =_xlfn.TEXTJOIN(", ",TRUE,IF(Register[[#This Row],[Serial / IMEI]]="","No serial",""),IF(AND(Register[[#This Row],[Serial / IMEI]]<>"",COUNTIF(Register[Serial / IMEI],Register[[#This Row],[Serial / IMEI]])>1),"Duplicate serial",""),IF(AND(Register[[#This Row],[Asset Type]]<>"VHF",COUNTIFS(Register[Device Name / Code],Register[[#This Row],[Device Name / Code]],Register[Asset Type],Register[[#This Row],[Asset Type]])>1),"Duplicate name",""),IF(Register[[#This Row],[Location]]="","No location",""),IF(OR(Register[[#This Row],[Last Verified]]="",N(Register[[#This Row],[Days Since Verified]])>VerifyDays),"Verify due","")) -> Verify due | T15: At COD / Currently in use | U15: Tab 8" row 13
A16: TAB8-012 | B16: Tablet 8" | C16: Tab 12 | F16: 350675291332265 | H16: MPL-CGO-OEQ-TBLT-00052 | I16: MPL14905 | J16: Dhiraagu 10GB | K16: IT | M16: Under Repair | Q16: =IF(Register[[#This Row],[Last Verified]]="","",TODAY()-Register[[#This Row],[Last Verified]]) | R16: =_xlfn.TEXTJOIN(", ",TRUE,IF(Register[[#This Row],[Serial / IMEI]]="","No serial",""),IF(AND(Register[[#This Row],[Serial / IMEI]]<>"",COUNTIF(Register[Serial / IMEI],Register[[#This Row],[Serial / IMEI]])>1),"Duplicate serial",""),IF(AND(Register[[#This Row],[Asset Type]]<>"VHF",COUNTIFS(Register[Device Name / Code],Register[[#This Row],[Device Name / Code]],Register[Asset Type],Register[[#This Row],[Asset Type]])>1),"Duplicate name",""),IF(Register[[#This Row],[Location]]="","No location",""),IF(OR(Register[[#This Row],[Last Verified]]="",N(Register[[#This Row],[Days Since Verified]])>VerifyDays),"Verify due","")) -> Verify due | T16: At IT (Tab back light issue) - Given to IT for Repair | U16: Tab 8" row 14
A17: TAB8-013 | B17: Tablet 8" | C17: Tab 13 | F17: 350675291222417 | H17: MPL-CGO-OEQ-TBLT-00053 | I17: MPL14904 | J17: Dhiraagu 10GB | K17: HMT | L17: HMT | M17: In Use | N17: 45729 | O17: 44592 | Q17: =IF(Register[[#This Row],[Last Verified]]="","",TODAY()-Register[[#This Row],[Last Verified]]) | R17: =_xlfn.TEXTJOIN(", ",TRUE,IF(Register[[#This Row],[Serial / IMEI]]="","No serial",""),IF(AND(Register[[#This Row],[Serial / IMEI]]<>"",COUNTIF(Register[Serial / IMEI],Register[[#This Row],[Serial / IMEI]])>1),"Duplicate serial",""),IF(AND(Register[[#This Row],[Asset Type]]<>"VHF",COUNTIFS(Register[Device Name / Code],Register[[#This Row],[Device Name / Code]],Register[Asset Type],Register[[#This Row],[Asset Type]])>1),"Duplicate name",""),IF(Register[[#This Row],[Location]]="","No location",""),IF(OR(Register[[#This Row],[Last Verified]]="",N(Register[[#This Row],[Days Since Verified]])>VerifyDays),"Verify due","")) -> Verify due | T17: At COD / Currently in use, HMT 13.03.2025 | U17: Tab 8" row 15
A18: TAB8-014 | B18: Tablet 8" | C18: Tab 14 | F18: 350675291222318 | H18: MPL-CGO-OEQ-TBLT-00050 | I18: MPL14903 | J18: Dhiraagu 10GB | K18: IT | M18: Under Repair | Q18: =IF(Register[[#This Row],[Last Verified]]="","",TODAY()-Register[[#This Row],[Last Verified]]) | R18: =_xlfn.TEXTJOIN(", ",TRUE,IF(Register[[#This Row],[Serial / IMEI]]="","No serial",""),IF(AND(Register[[#This Row],[Serial / IMEI]]<>"",COUNTIF(Register[Serial / IMEI],Register[[#This Row],[Serial / IMEI]])>1),"Duplicate serial",""),IF(AND(Register[[#This Row],[Asset Type]]<>"VHF",COUNTIFS(Register[Device Name / Code],Register[[#This Row],[Device Name / Code]],Register[Asset Type],Register[[#This Row],[Asset Type]])>1),"Duplicate name",""),IF(Register[[#This Row],[Location]]="","No location",""),IF(OR(Register[[#This Row],[Last Verified]]="",N(Register[[#This Row],[Days Since Verified]])>VerifyDays),"Verify due","")) -> Verify due | T18: At IT (Tab back light issue) - Given to IT for Repair | U18: Tab 8" row 16
A19: TAB8-015 | B19: Tablet 8" | C19: Tab 15 | F19: 350675291222557 | H19: MPL-CGO-OEQ-TBLT-00049 | I19: MPL14902 | J19: Dhiraagu 10GB | K19: COD | L19: B Tallies | M19: In Use | Q19: =IF(Register[[#This Row],[Last Verified]]="","",TODAY()-Register[[#This Row],[Last Verified]]) | R19: =_xlfn.TEXTJOIN(", ",TRUE,IF(Register[[#This Row],[Serial / IMEI]]="","No serial",""),IF(AND(Register[[#This Row],[Serial / IMEI]]<>"",COUNTIF(Register[Serial / IMEI],Register[[#This Row],[Serial / IMEI]])>1),"Duplicate serial",""),IF(AND(Register[[#This Row],[Asset Type]]<>"VHF",COUNTIFS(Register[Device Name / Code],Register[[#This Row],[Device Name / Code]],Register[Asset Type],Register[[#This Row],[Asset Type]])>1),"Duplicate name",""),IF(Register[[#This Row],[Location]]="","No location",""),IF(OR(Register[[#This Row],[Last Verified]]="",N(Register[[#This Row],[Days Since Verified]])>VerifyDays),"Verify due","")) -> Verify due | T19: At COD / Currently in use | U19: Tab 8" row 17
A20: TAB8-016 | B20: Tablet 8" | C20: Tab 16 | F20: 350675292375321 | G20: MPL12613 | H20: MPL-CGO-OEQ-TBLT-00064 | I20: MPL12607 | J20: Dhiraagu 10GB | M20: Unverified | Q20: =IF(Register[[#This Row],[Last Verified]]="","",TODAY()-Register[[#This Row],[Last Verified]]) | R20: =_xlfn.TEXTJOIN(", ",TRUE,IF(Register[[#This Row],[Serial / IMEI]]="","No serial",""),IF(AND(Register[[#This Row],[Serial / IMEI]]<>"",COUNTIF(Register[Serial / IMEI],Register[[#This Row],[Serial / IMEI]])>1),"Duplicate serial",""),IF(AND(Register[[#This Row],[Asset Type]]<>"VHF",COUNTIFS(Register[Device Name / Code],Register[[#This Row],[Device Name / Code]],Register[Asset Type],Register[[#This Row],[Asset Type]])>1),"Duplicate name",""),IF(Register[[#This Row],[Location]]="","No location",""),IF(OR(Register[[#This Row],[Last Verified]]="",N(Register[[#This Row],[Days Since Verified]])>VerifyDays),"Verify due","")) -> No location, Verify due | U20: Tab 8" row 18
A21: TAB8-017 | B21: Tablet 8" | C21: Tab 17 | F21: 350675292372179 | G21: MPL12621 | H21: MPL-CGO-OEQ-TBLT-00072 | I21: MPL12608 | J21: Dhiraagu 10GB | M21: Unverified | Q21: =IF(Register[[#This Row],[Last Verified]]="","",TODAY()-Register[[#This Row],[Last Verified]]) | R21: =_xlfn.TEXTJOIN(", ",TRUE,IF(Register[[#This Row],[Serial / IMEI]]="","No serial",""),IF(AND(Register[[#This Row],[Serial / IMEI]]<>"",COUNTIF(Register[Serial / IMEI],Register[[#This Row],[Serial / IMEI]])>1),"Duplicate serial",""),IF(AND(Register[[#This Row],[Asset Type]]<>"VHF",COUNTIFS(Register[Device Name / Code],Register[[#This Row],[Device Name / Code]],Register[Asset Type],Register[[#This Row],[Asset Type]])>1),"Duplicate name",""),IF(Register[[#This Row],[Location]]="","No location",""),IF(OR(Register[[#This Row],[Last Verified]]="",N(Register[[#This Row],[Days Since Verified]])>VerifyDays),"Verify due","")) -> No location, Verify due | U21: Tab 8" row 19
A22: TAB8-018 | B22: Tablet 8" | C22: Tab 18 | F22: 350675292375511 | G22: MPL12616 | H22: MPL-CGO-OEQ-TBLT-00067 | I22: MPL12609 | J22: Dhiraagu 10GB | M22: Unverified | Q22: =IF(Register[[#This Row],[Last Verified]]="","",TODAY()-Register[[#This Row],[Last Verified]]) | R22: =_xlfn.TEXTJOIN(", ",TRUE,IF(Register[[#This Row],[Serial / IMEI]]="","No serial",""),IF(AND(Register[[#This Row],[Serial / IMEI]]<>"",COUNTIF(Register[Serial / IMEI],Register[[#This Row],[Serial / IMEI]])>1),"Duplicate serial",""),IF(AND(Register[[#This Row],[Asset Type]]<>"VHF",COUNTIFS(Register[Device Name / Code],Register[[#This Row],[Device Name / Code]],Register[Asset Type],Register[[#This Row],[Asset Type]])>1),"Duplicate name",""),IF(Register[[#This Row],[Location]]="","No location",""),IF(OR(Register[[#This Row],[Last Verified]]="",N(Register[[#This Row],[Days Since Verified]])>VerifyDays),"Verify due","")) -> No location, Verify due | U22: Tab 8" row 20
A23: TAB8-019 | B23: Tablet 8" | C23: Tab 19 | F23: 350675292374688 | G23: MPL12619 | H23: MPL-CGO-OEQ-TBLT-00070 | I23: MPL12610 | J23: Dhiraagu 10GB | M23: Unverified | Q23: =IF(Register[[#This Row],[Last Verified]]="","",TODAY()-Register[[#This Row],[Last Verified]]) | R23: =_xlfn.TEXTJOIN(", ",TRUE,IF(Register[[#This Row],[Serial / IMEI]]="","No serial",""),IF(AND(Register[[#This Row],[Serial / IMEI]]<>"",COUNTIF(Register[Serial / IMEI],Register[[#This Row],[Serial / IMEI]])>1),"Duplicate serial",""),IF(AND(Register[[#This Row],[Asset Type]]<>"VHF",COUNTIFS(Register[Device Name / Code],Register[[#This Row],[Device Name / Code]],Register[Asset Type],Register[[#This Row],[Asset Type]])>1),"Duplicate name",""),IF(Register[[#This Row],[Location]]="","No location",""),IF(OR(Register[[#This Row],[Last Verified]]="",N(Register[[#This Row],[Days Since Verified]])>VerifyDays),"Verify due","")) -> No location, Verify due | U23: Tab 8" row 21
A24: TAB8-020 | B24: Tablet 8" | C24: Tab 20 | F24: 350675292367104 | G24: MPL12628 | H24: MPL-CGO-OEQ-TBLT-00079 | I24: MPL12611 | J24: Dhiraagu 10GB | K24: COD | L24: C Tallies | M24: In Use | O24: 44592 | Q24: =IF(Register[[#This Row],[Last Verified]]="","",TODAY()-Register[[#This Row],[Last Verified]]) | R24: =_xlfn.TEXTJOIN(", ",TRUE,IF(Register[[#This Row],[Serial / IMEI]]="","No serial",""),IF(AND(Register[[#This Row],[Serial / IMEI]]<>"",COUNTIF(Register[Serial / IMEI],Register[[#This Row],[Serial / IMEI]])>1),"Duplicate serial",""),IF(AND(Register[[#This Row],[Asset Type]]<>"VHF",COUNTIFS(Register[Device Name / Code],Register[[#This Row],[Device Name / Code]],Register[Asset Type],Register[[#This Row],[Asset Type]])>1),"Duplicate name",""),IF(Register[[#This Row],[Location]]="","No location",""),IF(OR(Register[[#This Row],[Last Verified]]="",N(Register[[#This Row],[Days Since Verified]])>VerifyDays),"Verify due","")) -> Verify due | S24: Battery Replaced 11.12.2024 | T24: At COD / Currently in use | U24: Tab 8" row 22
A25: TAB8-021 | B25: Tablet 8" | C25: Tab 21 | F25: 350675292372864 | G25: MPL12627 | H25: MPL-CGO-OEQ-TBLT-00078 | I25: MPL12612 | J25: Dhiraagu 10GB | K25: COD | L25: B Tallies | M25: In Use | Q25: =IF(Register[[#This Row],[Last Verified]]="","",TODAY()-Register[[#This Row],[Last Verified]]) | R25: =_xlfn.TEXTJOIN(", ",TRUE,IF(Register[[#This Row],[Serial / IMEI]]="","No serial",""),IF(AND(Register[[#This Row],[Serial / IMEI]]<>"",COUNTIF(Register[Serial / IMEI],Register[[#This Row],[Serial / IMEI]])>1),"Duplicate serial",""),IF(AND(Register[[#This Row],[Asset Type]]<>"VHF",COUNTIFS(Register[Device Name / Code],Register[[#This Row],[Device Name / Code]],Register[Asset Type],Register[[#This Row],[Asset Type]])>1),"Duplicate name",""),IF(Register[[#This Row],[Location]]="","No location",""),IF(OR(Register[[#This Row],[Last Verified]]="",N(Register[[#This Row],[Days Since Verified]])>VerifyDays),"Verify due","")) -> Verify due | T25: At COD / Currently in use | U25: Tab 8" row 23
A26: TAB8-022 | B26: Tablet 8" | C26: Tab 22 | F26: 350675292371312 | G26: MPL12629 | H26: MPL-CGO-OEQ-TBLT-00080 | I26: MPL12613 | J26: Dhiraagu 10GB | K26: COD | L26: C Tallies | M26: In Use | O26: 44592 | Q26: =IF(Register[[#This Row],[Last Verified]]="","",TODAY()-Register[[#This Row],[Last Verified]]) | R26: =_xlfn.TEXTJOIN(", ",TRUE,IF(Register[[#This Row],[Serial / IMEI]]="","No serial",""),IF(AND(Register[[#This Row],[Serial / IMEI]]<>"",COUNTIF(Register[Serial / IMEI],Register[[#This Row],[Serial / IMEI]])>1),"Duplicate serial",""),IF(AND(Register[[#This Row],[Asset Type]]<>"VHF",COUNTIFS(Register[Device Name / Code],Register[[#This Row],[Device Name / Code]],Register[Asset Type],Register[[#This Row],[Asset Type]])>1),"Duplicate name",""),IF(Register[[#This Row],[Location]]="","No location",""),IF(OR(Register[[#This Row],[Last Verified]]="",N(Register[[#This Row],[Days Since Verified]])>VerifyDays),"Verify due","")) -> Verify due | S26: Battery Replaced 11.12.2024 | T26: At COD / Currently in use | U26: Tab 8" row 24
A27: TAB8-023 | B27: Tablet 8" | C27: Tab 23 | F27: 350675292370603 | G27: MPL12612 | H27: MPL-CGO-OEQ-TBLT-00063 | I27: MPL12614 | J27: Dhiraagu 10GB | K27: COD | L27: A Tallies | M27: In Use | Q27: =IF(Register[[#This Row],[Last Verified]]="","",TODAY()-Register[[#This Row],[Last Verified]]) | R27: =_xlfn.TEXTJOIN(", ",TRUE,IF(Register[[#This Row],[Serial / IMEI]]="","No serial",""),IF(AND(Register[[#This Row],[Serial / IMEI]]<>"",COUNTIF(Register[Serial / IMEI],Register[[#This Row],[Serial / IMEI]])>1),"Duplicate serial",""),IF(AND(Register[[#This Row],[Asset Type]]<>"VHF",COUNTIFS(Register[Device Name / Code],Register[[#This Row],[Device Name / Code]],Register[Asset Type],Register[[#This Row],[Asset Type]])>1),"Duplicate name",""),IF(Register[[#This Row],[Location]]="","No location",""),IF(OR(Register[[#This Row],[Last Verified]]="",N(Register[[#This Row],[Days Since Verified]])>VerifyDays),"Verify due","")) -> Verify due | S27: Battery Replaced 11.12.2024 | T27: At COD / Currently in use | U27: Tab 8" row 25
A28: TAB8-024 | B28: Tablet 8" | C28: Tab 24 | F28: 350675292372005 | G28: MPL12611 | H28: MPL-CGO-OEQ-TBLT-00062 | I28: MPL12615 | J28: Dhiraagu 10GB | K28: HMT | L28: HMT | M28: In Use | N28: 45729 | Q28: =IF(Register[[#This Row],[Last Verified]]="","",TODAY()-Register[[#This Row],[Last Verified]]) | R28: =_xlfn.TEXTJOIN(", ",TRUE,IF(Register[[#This Row],[Serial / IMEI]]="","No serial",""),IF(AND(Register[[#This Row],[Serial / IMEI]]<>"",COUNTIF(Register[Serial / IMEI],Register[[#This Row],[Serial / IMEI]])>1),"Duplicate serial",""),IF(AND(Register[[#This Row],[Asset Type]]<>"VHF",COUNTIFS(Register[Device Name / Code],Register[[#This Row],[Device Name / Code]],Register[Asset Type],Register[[#This Row],[Asset Type]])>1),"Duplicate name",""),IF(Register[[#This Row],[Location]]="","No location",""),IF(OR(Register[[#This Row],[Last Verified]]="",N(Register[[#This Row],[Days Since Verified]])>VerifyDays),"Verify due","")) -> Verify due | T28: HMT 13.03.2025 | U28: Tab 8" row 26
A29: TAB8-025 | B29: Tablet 8" | C29: Tab 25 | F29: 350675292361289 | G29: MPL12631 | H29: MPL-CGO-OEQ-TBLT-00082 | I29: MPL12616 | J29: Dhiraagu 10GB | K29: COD | L29: A Tallies | M29: In Use | Q29: =IF(Register[[#This Row],[Last Verified]]="","",TODAY()-Register[[#This Row],[Last Verified]]) | R29: =_xlfn.TEXTJOIN(", ",TRUE,IF(Register[[#This Row],[Serial / IMEI]]="","No serial",""),IF(AND(Register[[#This Row],[Serial / IMEI]]<>"",COUNTIF(Register[Serial / IMEI],Register[[#This Row],[Serial / IMEI]])>1),"Duplicate serial",""),IF(AND(Register[[#This Row],[Asset Type]]<>"VHF",COUNTIFS(Register[Device Name / Code],Register[[#This Row],[Device Name / Code]],Register[Asset Type],Register[[#This Row],[Asset Type]])>1),"Duplicate name",""),IF(Register[[#This Row],[Location]]="","No location",""),IF(OR(Register[[#This Row],[Last Verified]]="",N(Register[[#This Row],[Days Since Verified]])>VerifyDays),"Verify due","")) -> Verify due | S29: Battery Replaced 11.12.2024 | T29: At COD / Currently in use, | U29: Tab 8" row 27
A30: TAB8-026 | B30: Tablet 8" | C30: Tab 26 | F30: 350675292378515 | G30: MPL12614 | H30: MPL-CGO-OEQ-TBLT-00065 | I30: MPL12617 | J30: Dhiraagu 10GB | K30: COD | L30: B Tallies | M30: In Use | Q30: =IF(Register[[#This Row],[Last Verified]]="","",TODAY()-Register[[#This Row],[Last Verified]]) | R30: =_xlfn.TEXTJOIN(", ",TRUE,IF(Register[[#This Row],[Serial / IMEI]]="","No serial",""),IF(AND(Register[[#This Row],[Serial / IMEI]]<>"",COUNTIF(Register[Serial / IMEI],Register[[#This Row],[Serial / IMEI]])>1),"Duplicate serial",""),IF(AND(Register[[#This Row],[Asset Type]]<>"VHF",COUNTIFS(Register[Device Name / Code],Register[[#This Row],[Device Name / Code]],Register[Asset Type],Register[[#This Row],[Asset Type]])>1),"Duplicate name",""),IF(Register[[#This Row],[Location]]="","No location",""),IF(OR(Register[[#This Row],[Last Verified]]="",N(Register[[#This Row],[Days Since Verified]])>VerifyDays),"Verify due","")) -> Verify due | T30: At COD / Currently in use | U30: Tab 8" row 28
A31: TAB8-027 | B31: Tablet 8" | C31: Tab 27 | F31: 350675292377301 | G31: MPL12622 | H31: MPL-CGO-OEQ-TBLT-00073 | I31: MPL12618 | J31: Dhiraagu 10GB | M31: Unverified | Q31: =IF(Register[[#This Row],[Last Verified]]="","",TODAY()-Register[[#This Row],[Last Verified]]) | R31: =_xlfn.TEXTJOIN(", ",TRUE,IF(Register[[#This Row],[Serial / IMEI]]="","No serial",""),IF(AND(Register[[#This Row],[Serial / IMEI]]<>"",COUNTIF(Register[Serial / IMEI],Register[[#This Row],[Serial / IMEI]])>1),"Duplicate serial",""),IF(AND(Register[[#This Row],[Asset Type]]<>"VHF",COUNTIFS(Register[Device Name / Code],Register[[#This Row],[Device Name / Code]],Register[Asset Type],Register[[#This Row],[Asset Type]])>1),"Duplicate name",""),IF(Register[[#This Row],[Location]]="","No location",""),IF(OR(Register[[#This Row],[Last Verified]]="",N(Register[[#This Row],[Days Since Verified]])>VerifyDays),"Verify due","")) -> No location, Verify due | U31: Tab 8" row 29
A32: TAB8-028 | B32: Tablet 8" | C32: Tab 28 | F32: 350675292373656 | G32: MPL12623 | H32: MPL-CGO-OEQ-TBLT-00074 | I32: MPL12619 | J32: Dhiraagu 10GB | M32: Unverified | Q32: =IF(Register[[#This Row],[Last Verified]]="","",TODAY()-Register[[#This Row],[Last Verified]]) | R32: =_xlfn.TEXTJOIN(", ",TRUE,IF(Register[[#This Row],[Serial / IMEI]]="","No serial",""),IF(AND(Register[[#This Row],[Serial / IMEI]]<>"",COUNTIF(Register[Serial / IMEI],Register[[#This Row],[Serial / IMEI]])>1),"Duplicate serial",""),IF(AND(Register[[#This Row],[Asset Type]]<>"VHF",COUNTIFS(Register[Device Name / Code],Register[[#This Row],[Device Name / Code]],Register[Asset Type],Register[[#This Row],[Asset Type]])>1),"Duplicate name",""),IF(Register[[#This Row],[Location]]="","No location",""),IF(OR(Register[[#This Row],[Last Verified]]="",N(Register[[#This Row],[Days Since Verified]])>VerifyDays),"Verify due","")) -> No location, Verify due | U32: Tab 8" row 30
A33: TAB8-029 | B33: Tablet 8" | C33: Tab 29 | F33: 350675292369043 | G33: MPL12615 | H33: MPL-CGO-OEQ-TBLT-00066 | I33: MPL12620 | J33: Dhiraagu 10GB | M33: Unverified | Q33: =IF(Register[[#This Row],[Last Verified]]="","",TODAY()-Register[[#This Row],[Last Verified]]) | R33: =_xlfn.TEXTJOIN(", ",TRUE,IF(Register[[#This Row],[Serial / IMEI]]="","No serial",""),IF(AND(Register[[#This Row],[Serial / IMEI]]<>"",COUNTIF(Register[Serial / IMEI],Register[[#This Row],[Serial / IMEI]])>1),"Duplicate serial",""),IF(AND(Register[[#This Row],[Asset Type]]<>"VHF",COUNTIFS(Register[Device Name / Code],Register[[#This Row],[Device Name / Code]],Register[Asset Type],Register[[#This Row],[Asset Type]])>1),"Duplicate name",""),IF(Register[[#This Row],[Location]]="","No location",""),IF(OR(Register[[#This Row],[Last Verified]]="",N(Register[[#This Row],[Days Since Verified]])>VerifyDays),"Verify due","")) -> No location, Verify due | U33: Tab 8" row 31
A34: TAB8-030 | B34: Tablet 8" | C34: Tab 30 | F34: 350675292372658 | G34: MPL12618 | H34: MPL-CGO-OEQ-TBLT-00069 | I34: MPL12621 | J34: Dhiraagu 10GB / 1589 7592 | K34: Container Yard | L34: C Yard | M34: In Use | N34: 44829 | Q34: =IF(Register[[#This Row],[Last Verified]]="","",TODAY()-Register[[#This Row],[Last Verified]]) | R34: =_xlfn.TEXTJOIN(", ",TRUE,IF(Register[[#This Row],[Serial / IMEI]]="","No serial",""),IF(AND(Register[[#This Row],[Serial / IMEI]]<>"",COUNTIF(Register[Serial / IMEI],Register[[#This Row],[Serial / IMEI]])>1),"Duplicate serial",""),IF(AND(Register[[#This Row],[Asset Type]]<>"VHF",COUNTIFS(Register[Device Name / Code],Register[[#This Row],[Device Name / Code]],Register[Asset Type],Register[[#This Row],[Asset Type]])>1),"Duplicate name",""),IF(Register[[#This Row],[Location]]="","No location",""),IF(OR(Register[[#This Row],[Last Verified]]="",N(Register[[#This Row],[Days Since Verified]])>VerifyDays),"Verify due","")) -> Verify due | T34: Container Yard (25.09.2022) | U34: Tab 8" row 32
A35: TAB8-031 | B35: Tablet 8" | C35: Tab 31 | F35: 350675292374803 | G35: MPL12624 | H35: MPL-CGO-OEQ-TBLT-00075 | I35: MPL12622 | J35: Ooredoo 10GB | K35: HMT | M35: In Use | N35: 44539 | Q35: =IF(Register[[#This Row],[Last Verified]]="","",TODAY()-Register[[#This Row],[Last Verified]]) | R35: =_xlfn.TEXTJOIN(", ",TRUE,IF(Register[[#This Row],[Serial / IMEI]]="","No serial",""),IF(AND(Register[[#This Row],[Serial / IMEI]]<>"",COUNTIF(Register[Serial / IMEI],Register[[#This Row],[Serial / IMEI]])>1),"Duplicate serial",""),IF(AND(Register[[#This Row],[Asset Type]]<>"VHF",COUNTIFS(Register[Device Name / Code],Register[[#This Row],[Device Name / Code]],Register[Asset Type],Register[[#This Row],[Asset Type]])>1),"Duplicate name",""),IF(Register[[#This Row],[Location]]="","No location",""),IF(OR(Register[[#This Row],[Last Verified]]="",N(Register[[#This Row],[Days Since Verified]])>VerifyDays),"Verify due","")) -> Verify due | T35: Use in HMT(sent on 09.12.2021) | U35: Tab 8" row 33
A36: TAB8-032 | B36: Tablet 8" | C36: Tab 32 | F36: 350675292376444 | G36: MPL12626 | H36: MPL-CGO-OEQ-TBLT-00077 | I36: MPL12623 | J36: Ooredoo 10GB | K36: HMT | M36: In Use | N36: 44539 | Q36: =IF(Register[[#This Row],[Last Verified]]="","",TODAY()-Register[[#This Row],[Last Verified]]) | R36: =_xlfn.TEXTJOIN(", ",TRUE,IF(Register[[#This Row],[Serial / IMEI]]="","No serial",""),IF(AND(Register[[#This Row],[Serial / IMEI]]<>"",COUNTIF(Register[Serial / IMEI],Register[[#This Row],[Serial / IMEI]])>1),"Duplicate serial",""),IF(AND(Register[[#This Row],[Asset Type]]<>"VHF",COUNTIFS(Register[Device Name / Code],Register[[#This Row],[Device Name / Code]],Register[Asset Type],Register[[#This Row],[Asset Type]])>1),"Duplicate name",""),IF(Register[[#This Row],[Location]]="","No location",""),IF(OR(Register[[#This Row],[Last Verified]]="",N(Register[[#This Row],[Days Since Verified]])>VerifyDays),"Verify due","")) -> Verify due | T36: Use in HMT(sent on 09.12.2021) | U36: Tab 8" row 34
A37: TAB8-033 | B37: Tablet 8" | C37: Tab 33 | F37: 350675292384000 | G37: MPL12610 | H37: MPL-CGO-OEQ-TBLT-00061 | I37: MPL12625 | J37: Ooredoo 10GB | K37: Marine Craft | L37: Raazy | M37: In Use | Q37: =IF(Register[[#This Row],[Last Verified]]="","",TODAY()-Register[[#This Row],[Last Verified]]) | R37: =_xlfn.TEXTJOIN(", ",TRUE,IF(Register[[#This Row],[Serial / IMEI]]="","No serial",""),IF(AND(Register[[#This Row],[Serial / IMEI]]<>"",COUNTIF(Register[Serial / IMEI],Register[[#This Row],[Serial / IMEI]])>1),"Duplicate serial",""),IF(AND(Register[[#This Row],[Asset Type]]<>"VHF",COUNTIFS(Register[Device Name / Code],Register[[#This Row],[Device Name / Code]],Register[Asset Type],Register[[#This Row],[Asset Type]])>1),"Duplicate name",""),IF(Register[[#This Row],[Location]]="","No location",""),IF(OR(Register[[#This Row],[Last Verified]]="",N(Register[[#This Row],[Days Since Verified]])>VerifyDays),"Verify due","")) -> Verify due | T37: Marine Craft - Raazy | U37: Tab 8" row 35
A38: TAB8-034 | B38: Tablet 8" | C38: Tab 34 | F38: 350675292367732 | G38: MPL12620 | H38: MPL-CGO-OEQ-TBLT-00071 | I38: MPL12627 | J38: Ooredoo 10GB | K38: Marine Craft | L38: Raazy | M38: In Use | Q38: =IF(Register[[#This Row],[Last Verified]]="","",TODAY()-Register[[#This Row],[Last Verified]]) | R38: =_xlfn.TEXTJOIN(", ",TRUE,IF(Register[[#This Row],[Serial / IMEI]]="","No serial",""),IF(AND(Register[[#This Row],[Serial / IMEI]]<>"",COUNTIF(Register[Serial / IMEI],Register[[#This Row],[Serial / IMEI]])>1),"Duplicate serial",""),IF(AND(Register[[#This Row],[Asset Type]]<>"VHF",COUNTIFS(Register[Device Name / Code],Register[[#This Row],[Device Name / Code]],Register[Asset Type],Register[[#This Row],[Asset Type]])>1),"Duplicate name",""),IF(Register[[#This Row],[Location]]="","No location",""),IF(OR(Register[[#This Row],[Last Verified]]="",N(Register[[#This Row],[Days Since Verified]])>VerifyDays),"Verify due","")) -> Verify due | T38: Marine Craft - Raazy | U38: Tab 8" row 36
A39: TAB8-035 | B39: Tablet 8" | C39: Tab 35 | F39: 350675292373540 | G39: MPL12617 | H39: MPL-CGO-OEQ-TBLT-00068 | I39: MPL12628 | J39: Ooredoo 10GB | K39: Marine Craft | L39: Raazy | M39: In Use | Q39: =IF(Register[[#This Row],[Last Verified]]="","",TODAY()-Register[[#This Row],[Last Verified]]) | R39: =_xlfn.TEXTJOIN(", ",TRUE,IF(Register[[#This Row],[Serial / IMEI]]="","No serial",""),IF(AND(Register[[#This Row],[Serial / IMEI]]<>"",COUNTIF(Register[Serial / IMEI],Register[[#This Row],[Serial / IMEI]])>1),"Duplicate serial",""),IF(AND(Register[[#This Row],[Asset Type]]<>"VHF",COUNTIFS(Register[Device Name / Code],Register[[#This Row],[Device Name / Code]],Register[Asset Type],Register[[#This Row],[Asset Type]])>1),"Duplicate name",""),IF(Register[[#This Row],[Location]]="","No location",""),IF(OR(Register[[#This Row],[Last Verified]]="",N(Register[[#This Row],[Days Since Verified]])>VerifyDays),"Verify due","")) -> Verify due | T39: Marine Craft - Raazy | U39: Tab 8" row 37
A40: TAB8-036 | B40: Tablet 8" | C40: Tab 36 | F40: 350675292367625 | G40: MPL12633 | H40: MPL-CGO-OEQ-TBLT-00084 | I40: MPL12629 | J40: Ooredoo 10GB | K40: Marine Craft | L40: Raazy | M40: In Use | Q40: =IF(Register[[#This Row],[Last Verified]]="","",TODAY()-Register[[#This Row],[Last Verified]]) | R40: =_xlfn.TEXTJOIN(", ",TRUE,IF(Register[[#This Row],[Serial / IMEI]]="","No serial",""),IF(AND(Register[[#This Row],[Serial / IMEI]]<>"",COUNTIF(Register[Serial / IMEI],Register[[#This Row],[Serial / IMEI]])>1),"Duplicate serial",""),IF(AND(Register[[#This Row],[Asset Type]]<>"VHF",COUNTIFS(Register[Device Name / Code],Register[[#This Row],[Device Name / Code]],Register[Asset Type],Register[[#This Row],[Asset Type]])>1),"Duplicate name",""),IF(Register[[#This Row],[Location]]="","No location",""),IF(OR(Register[[#This Row],[Last Verified]]="",N(Register[[#This Row],[Days Since Verified]])>VerifyDays),"Verify due","")) -> Verify due | T40: Marine Craft - Raazy | U40: Tab 8" row 38
A41: TAB8-037 | B41: Tablet 8" | C41: Tab 37 | F41: 350675292372369 | G41: MPL12630 | H41: MPL-CGO-OEQ-TBLT-00081 | I41: MPL12630 | J41: Ooredoo 10GB | K41: Marine Craft | L41: Raazy | M41: In Use | Q41: =IF(Register[[#This Row],[Last Verified]]="","",TODAY()-Register[[#This Row],[Last Verified]]) | R41: =_xlfn.TEXTJOIN(", ",TRUE,IF(Register[[#This Row],[Serial / IMEI]]="","No serial",""),IF(AND(Register[[#This Row],[Serial / IMEI]]<>"",COUNTIF(Register[Serial / IMEI],Register[[#This Row],[Serial / IMEI]])>1),"Duplicate serial",""),IF(AND(Register[[#This Row],[Asset Type]]<>"VHF",COUNTIFS(Register[Device Name / Code],Register[[#This Row],[Device Name / Code]],Register[Asset Type],Register[[#This Row],[Asset Type]])>1),"Duplicate name",""),IF(Register[[#This Row],[Location]]="","No location",""),IF(OR(Register[[#This Row],[Last Verified]]="",N(Register[[#This Row],[Days Since Verified]])>VerifyDays),"Verify due","")) -> Verify due | T41: Marine Craft - Raazy | U41: Tab 8" row 39
A42: TAB8-038 | B42: Tablet 8" | C42: Tab 38 | F42: 350675292367831 | G42: MPL12625 | H42: MPL-CGO-OEQ-TBLT-00076 | I42: MPL12631 | J42: Ooredoo 10GB | K42: COD | L42: C Tallies | M42: In Use | O42: 44592 | Q42: =IF(Register[[#This Row],[Last Verified]]="","",TODAY()-Register[[#This Row],[Last Verified]]) | R42: =_xlfn.TEXTJOIN(", ",TRUE,IF(Register[[#This Row],[Serial / IMEI]]="","No serial",""),IF(AND(Register[[#This Row],[Serial / IMEI]]<>"",COUNTIF(Register[Serial / IMEI],Register[[#This Row],[Serial / IMEI]])>1),"Duplicate serial",""),IF(AND(Register[[#This Row],[Asset Type]]<>"VHF",COUNTIFS(Register[Device Name / Code],Register[[#This Row],[Device Name / Code]],Register[Asset Type],Register[[#This Row],[Asset Type]])>1),"Duplicate name",""),IF(Register[[#This Row],[Location]]="","No location",""),IF(OR(Register[[#This Row],[Last Verified]]="",N(Register[[#This Row],[Days Since Verified]])>VerifyDays),"Verify due","")) -> Verify due | S42: Battery Replaced 11.12.2024 | T42: At COD / Currently in use | U42: Tab 8" row 40
A43: TAB8-039 | B43: Tablet 8" | C43: Tab 39 | F43: 350675292372237 | G43: MPL12632 | H43: MPL-CGO-OEQ-TBLT-00083 | I43: MPL12632 | J43: Ooredoo 10GB | K43: COD | L43: C Tallies | M43: In Use | O43: 44592 | Q43: =IF(Register[[#This Row],[Last Verified]]="","",TODAY()-Register[[#This Row],[Last Verified]]) | R43: =_xlfn.TEXTJOIN(", ",TRUE,IF(Register[[#This Row],[Serial / IMEI]]="","No serial",""),IF(AND(Register[[#This Row],[Serial / IMEI]]<>"",COUNTIF(Register[Serial / IMEI],Register[[#This Row],[Serial / IMEI]])>1),"Duplicate serial",""),IF(AND(Register[[#This Row],[Asset Type]]<>"VHF",COUNTIFS(Register[Device Name / Code],Register[[#This Row],[Device Name / Code]],Register[Asset Type],Register[[#This Row],[Asset Type]])>1),"Duplicate name",""),IF(Register[[#This Row],[Location]]="","No location",""),IF(OR(Register[[#This Row],[Last Verified]]="",N(Register[[#This Row],[Days Since Verified]])>VerifyDays),"Verify due","")) -> Verify due | S43: Battery Replaced 11.12.2024 | T43: At COD / Currently in use | U43: Tab 8" row 41
A44: TAB8-040 | B44: Tablet 8" | C44: Tab 40 | F44: 350675292367609 | G44: MPL12609 | H44: MPL-CGO-OEQ-TBLT-00060 | I44: MPL12633 | J44: Ooredoo 10GB | K44: COD | L44: C Tallies | M44: In Use | O44: 44592 | Q44: =IF(Register[[#This Row],[Last Verified]]="","",TODAY()-Register[[#This Row],[Last Verified]]) | R44: =_xlfn.TEXTJOIN(", ",TRUE,IF(Register[[#This Row],[Serial / IMEI]]="","No serial",""),IF(AND(Register[[#This Row],[Serial / IMEI]]<>"",COUNTIF(Register[Serial / IMEI],Register[[#This Row],[Serial / IMEI]])>1),"Duplicate serial",""),IF(AND(Register[[#This Row],[Asset Type]]<>"VHF",COUNTIFS(Register[Device Name / Code],Register[[#This Row],[Device Name / Code]],Register[Asset Type],Register[[#This Row],[Asset Type]])>1),"Duplicate name",""),IF(Register[[#This Row],[Location]]="","No location",""),IF(OR(Register[[#This Row],[Last Verified]]="",N(Register[[#This Row],[Days Since Verified]])>VerifyDays),"Verify due","")) -> Verify due | T44: At COD / Currently in use | U44: Tab 8" row 42
A45: TAB8-041 | B45: Tablet 8" | C45: Tab 41 | F45: 350675292330276 | G45: MPL12607 | H45: MPL-CGO-OEQ-TBLT-00058 | I45: MPL12634 | J45: Ooredoo 10GB | K45: COD | L45: B Tallies | M45: In Use | O45: 44592 | Q45: =IF(Register[[#This Row],[Last Verified]]="","",TODAY()-Register[[#This Row],[Last Verified]]) | R45: =_xlfn.TEXTJOIN(", ",TRUE,IF(Register[[#This Row],[Serial / IMEI]]="","No serial",""),IF(AND(Register[[#This Row],[Serial / IMEI]]<>"",COUNTIF(Register[Serial / IMEI],Register[[#This Row],[Serial / IMEI]])>1),"Duplicate serial",""),IF(AND(Register[[#This Row],[Asset Type]]<>"VHF",COUNTIFS(Register[Device Name / Code],Register[[#This Row],[Device Name / Code]],Register[Asset Type],Register[[#This Row],[Asset Type]])>1),"Duplicate name",""),IF(Register[[#This Row],[Location]]="","No location",""),IF(OR(Register[[#This Row],[Last Verified]]="",N(Register[[#This Row],[Days Since Verified]])>VerifyDays),"Verify due","")) -> Verify due | T45: At COD / Currently in use | U45: Tab 8" row 43
A46: TAB8-042 | B46: Tablet 8" | C46: Tab 42 | F46: 350675292366171 | G46: MPL12636 | H46: MPL-CGO-OEQ-TBLT-00087 | I46: MPL12635 | J46: Ooredoo 10GB | K46: COD | L46: B Tallies | M46: In Use | O46: 44592 | Q46: =IF(Register[[#This Row],[Last Verified]]="","",TODAY()-Register[[#This Row],[Last Verified]]) | R46: =_xlfn.TEXTJOIN(", ",TRUE,IF(Register[[#This Row],[Serial / IMEI]]="","No serial",""),IF(AND(Register[[#This Row],[Serial / IMEI]]<>"",COUNTIF(Register[Serial / IMEI],Register[[#This Row],[Serial / IMEI]])>1),"Duplicate serial",""),IF(AND(Register[[#This Row],[Asset Type]]<>"VHF",COUNTIFS(Register[Device Name / Code],Register[[#This Row],[Device Name / Code]],Register[Asset Type],Register[[#This Row],[Asset Type]])>1),"Duplicate name",""),IF(Register[[#This Row],[Location]]="","No location",""),IF(OR(Register[[#This Row],[Last Verified]]="",N(Register[[#This Row],[Days Since Verified]])>VerifyDays),"Verify due","")) -> Verify due | T46: At COD / Currently in use | U46: Tab 8" row 44
A47: TAB8-043 | B47: Tablet 8" | C47: Tab 43 | F47: 350675292365785 | G47: MPL12635 | H47: MPL-CGO-OEQ-TBLT-00086 | I47: MPL12636 | J47: Ooredoo 10GB | K47: COD | L47: A Tallies | M47: In Use | Q47: =IF(Register[[#This Row],[Last Verified]]="","",TODAY()-Register[[#This Row],[Last Verified]]) | R47: =_xlfn.TEXTJOIN(", ",TRUE,IF(Register[[#This Row],[Serial / IMEI]]="","No serial",""),IF(AND(Register[[#This Row],[Serial / IMEI]]<>"",COUNTIF(Register[Serial / IMEI],Register[[#This Row],[Serial / IMEI]])>1),"Duplicate serial",""),IF(AND(Register[[#This Row],[Asset Type]]<>"VHF",COUNTIFS(Register[Device Name / Code],Register[[#This Row],[Device Name / Code]],Register[Asset Type],Register[[#This Row],[Asset Type]])>1),"Duplicate name",""),IF(Register[[#This Row],[Location]]="","No location",""),IF(OR(Register[[#This Row],[Last Verified]]="",N(Register[[#This Row],[Days Since Verified]])>VerifyDays),"Verify due","")) -> Verify due | S47: Battery Replaced 11.12.2024 | T47: At COD / Currently in use | U47: Tab 8" row 45
A48: TAB8-044 | B48: Tablet 8" | C48: Tab 44 | F48: 350675292377137 | G48: MPL12608 | H48: MPL-CGO-OEQ-TBLT-00059 | J48: Ooredoo 10GB | K48: COD | L48: A Tallies | M48: In Use | Q48: =IF(Register[[#This Row],[Last Verified]]="","",TODAY()-Register[[#This Row],[Last Verified]]) | R48: =_xlfn.TEXTJOIN(", ",TRUE,IF(Register[[#This Row],[Serial / IMEI]]="","No serial",""),IF(AND(Register[[#This Row],[Serial / IMEI]]<>"",COUNTIF(Register[Serial / IMEI],Register[[#This Row],[Serial / IMEI]])>1),"Duplicate serial",""),IF(AND(Register[[#This Row],[Asset Type]]<>"VHF",COUNTIFS(Register[Device Name / Code],Register[[#This Row],[Device Name / Code]],Register[Asset Type],Register[[#This Row],[Asset Type]])>1),"Duplicate name",""),IF(Register[[#This Row],[Location]]="","No location",""),IF(OR(Register[[#This Row],[Last Verified]]="",N(Register[[#This Row],[Days Since Verified]])>VerifyDays),"Verify due","")) -> Verify due | S48: Battery Replaced 11.12.2024 | T48: At COD / Currently in use | U48: Tab 8" row 46
A49: TAB8-045 | B49: Tablet 8" | C49: Tab 45 | F49: 350675292371395 | G49: MPL12634 | H49: MPL-CGO-OEQ-TBLT-00085 | J49: Ooredoo 10GB | K49: COD | L49: A Tallies | M49: In Use | Q49: =IF(Register[[#This Row],[Last Verified]]="","",TODAY()-Register[[#This Row],[Last Verified]]) | R49: =_xlfn.TEXTJOIN(", ",TRUE,IF(Register[[#This Row],[Serial / IMEI]]="","No serial",""),IF(AND(Register[[#This Row],[Serial / IMEI]]<>"",COUNTIF(Register[Serial / IMEI],Register[[#This Row],[Serial / IMEI]])>1),"Duplicate serial",""),IF(AND(Register[[#This Row],[Asset Type]]<>"VHF",COUNTIFS(Register[Device Name / Code],Register[[#This Row],[Device Name / Code]],Register[Asset Type],Register[[#This Row],[Asset Type]])>1),"Duplicate name",""),IF(Register[[#This Row],[Location]]="","No location",""),IF(OR(Register[[#This Row],[Last Verified]]="",N(Register[[#This Row],[Days Since Verified]])>VerifyDays),"Verify due","")) -> Verify due | S49: Battery Replaced 11.12.2024 | T49: At COD / Currently in use | U49: Tab 8" row 47
A50: TAB8-046 | B50: Tablet 8" | C50: ITD-TAB001 | F50: 357384190325461 | G50: ITDTAB0035 | K50: COD | L50: C Tallies | M50: In Use | N50: 45729 | Q50: =IF(Register[[#This Row],[Last Verified]]="","",TODAY()-Register[[#This Row],[Last Verified]]) | R50: =_xlfn.TEXTJOIN(", ",TRUE,IF(Register[[#This Row],[Serial / IMEI]]="","No serial",""),IF(AND(Register[[#This Row],[Serial / IMEI]]<>"",COUNTIF(Register[Serial / IMEI],Register[[#This Row],[Serial / IMEI]])>1),"Duplicate serial",""),IF(AND(Register[[#This Row],[Asset Type]]<>"VHF",COUNTIFS(Register[Device Name / Code],Register[[#This Row],[Device Name / Code]],Register[Asset Type],Register[[#This Row],[Asset Type]])>1),"Duplicate name",""),IF(Register[[#This Row],[Location]]="","No location",""),IF(OR(Register[[#This Row],[Last Verified]]="",N(Register[[#This Row],[Days Since Verified]])>VerifyDays),"Verify due","")) -> Verify due | T50: At COD / Currently in use | U50: Tab 8" row 48
A51: TAB10-001 | B51: Tablet 10" | C51: COD TAB032 | F51: 356904752482896 | G51: MPL21845 | J51: Dhiraagu 10GB / 1675 4957 | K51: COD | L51: B Shift | M51: In Use | Q51: =IF(Register[[#This Row],[Last Verified]]="","",TODAY()-Register[[#This Row],[Last Verified]]) | R51: =_xlfn.TEXTJOIN(", ",TRUE,IF(Register[[#This Row],[Serial / IMEI]]="","No serial",""),IF(AND(Register[[#This Row],[Serial / IMEI]]<>"",COUNTIF(Register[Serial / IMEI],Register[[#This Row],[Serial / IMEI]])>1),"Duplicate serial",""),IF(AND(Register[[#This Row],[Asset Type]]<>"VHF",COUNTIFS(Register[Device Name / Code],Register[[#This Row],[Device Name / Code]],Register[Asset Type],Register[[#This Row],[Asset Type]])>1),"Duplicate name",""),IF(Register[[#This Row],[Location]]="","No location",""),IF(OR(Register[[#This Row],[Last Verified]]="",N(Register[[#This Row],[Days Since Verified]])>VerifyDays),"Verify due","")) -> Verify due | U51: Tab 10" row 3
A52: TAB10-002 | B52: Tablet 10" | C52: COD TAB033 | F52: 356904752487127 | G52: MPL21833 | J52: Dhiraagu 20GB | K52: Container Yard | L52: C Yard | M52: In Use | Q52: =IF(Register[[#This Row],[Last Verified]]="","",TODAY()-Register[[#This Row],[Last Verified]]) | R52: =_xlfn.TEXTJOIN(", ",TRUE,IF(Register[[#This Row],[Serial / IMEI]]="","No serial",""),IF(AND(Register[[#This Row],[Serial / IMEI]]<>"",COUNTIF(Register[Serial / IMEI],Register[[#This Row],[Serial / IMEI]])>1),"Duplicate serial",""),IF(AND(Register[[#This Row],[Asset Type]]<>"VHF",COUNTIFS(Register[Device Name / Code],Register[[#This Row],[Device Name / Code]],Register[Asset Type],Register[[#This Row],[Asset Type]])>1),"Duplicate name",""),IF(Register[[#This Row],[Location]]="","No location",""),IF(OR(Register[[#This Row],[Last Verified]]="",N(Register[[#This Row],[Days Since Verified]])>VerifyDays),"Verify due","")) -> Verify due | T52: 11.02.2026 | U52: Tab 10" row 4
A53: TAB10-003 | B53: Tablet 10" | C53: COD TAB034 | F53: 356904751788400 | G53: MPL21834 | J53: Dhiraagu 10GB / 1675 4958 | K53: COD | L53: C Shift | M53: In Use | Q53: =IF(Register[[#This Row],[Last Verified]]="","",TODAY()-Register[[#This Row],[Last Verified]]) | R53: =_xlfn.TEXTJOIN(", ",TRUE,IF(Register[[#This Row],[Serial / IMEI]]="","No serial",""),IF(AND(Register[[#This Row],[Serial / IMEI]]<>"",COUNTIF(Register[Serial / IMEI],Register[[#This Row],[Serial / IMEI]])>1),"Duplicate serial",""),IF(AND(Register[[#This Row],[Asset Type]]<>"VHF",COUNTIFS(Register[Device Name / Code],Register[[#This Row],[Device Name / Code]],Register[Asset Type],Register[[#This Row],[Asset Type]])>1),"Duplicate name",""),IF(Register[[#This Row],[Location]]="","No location",""),IF(OR(Register[[#This Row],[Last Verified]]="",N(Register[[#This Row],[Days Since Verified]])>VerifyDays),"Verify due","")) -> Verify due | U53: Tab 10" row 5
A54: TAB10-004 | B54: Tablet 10" | C54: COD TAB035 | F54: 356904852486251 | G54: MPL21835 | J54: Dhiraagu 10GB / 1675 4955 | K54: COD | L54: C Shift | M54: In Use | Q54: =IF(Register[[#This Row],[Last Verified]]="","",TODAY()-Register[[#This Row],[Last Verified]]) | R54: =_xlfn.TEXTJOIN(", ",TRUE,IF(Register[[#This Row],[Serial / IMEI]]="","No serial",""),IF(AND(Register[[#This Row],[Serial / IMEI]]<>"",COUNTIF(Register[Serial / IMEI],Register[[#This Row],[Serial / IMEI]])>1),"Duplicate serial",""),IF(AND(Register[[#This Row],[Asset Type]]<>"VHF",COUNTIFS(Register[Device Name / Code],Register[[#This Row],[Device Name / Code]],Register[Asset Type],Register[[#This Row],[Asset Type]])>1),"Duplicate name",""),IF(Register[[#This Row],[Location]]="","No location",""),IF(OR(Register[[#This Row],[Last Verified]]="",N(Register[[#This Row],[Days Since Verified]])>VerifyDays),"Verify due","")) -> Verify due | U54: Tab 10" row 6
A55: TAB10-005 | B55: Tablet 10" | C55: COD TAB036 | F55: 356904752488133 | G55: MPL21836 | J55: Dhiraagu 20GB | K55: Container Yard | L55: C Yard | M55: In Use | Q55: =IF(Register[[#This Row],[Last Verified]]="","",TODAY()-Register[[#This Row],[Last Verified]]) | R55: =_xlfn.TEXTJOIN(", ",TRUE,IF(Register[[#This Row],[Serial / IMEI]]="","No serial",""),IF(AND(Register[[#This Row],[Serial / IMEI]]<>"",COUNTIF(Register[Serial / IMEI],Register[[#This Row],[Serial / IMEI]])>1),"Duplicate serial",""),IF(AND(Register[[#This Row],[Asset Type]]<>"VHF",COUNTIFS(Register[Device Name / Code],Register[[#This Row],[Device Name / Code]],Register[Asset Type],Register[[#This Row],[Asset Type]])>1),"Duplicate name",""),IF(Register[[#This Row],[Location]]="","No location",""),IF(OR(Register[[#This Row],[Last Verified]]="",N(Register[[#This Row],[Days Since Verified]])>VerifyDays),"Verify due","")) -> Verify due | T55: 14.03.2026 | U55: Tab 10" row 7
A56: TAB10-006 | B56: Tablet 10" | C56: COD TAB037 | F56: 356904752488083 | G56: MPL21837 | J56: Dhiraagu 10GB / 1675 4956 | K56: COD | L56: B Shift | M56: In Use | Q56: =IF(Register[[#This Row],[Last Verified]]="","",TODAY()-Register[[#This Row],[Last Verified]]) | R56: =_xlfn.TEXTJOIN(", ",TRUE,IF(Register[[#This Row],[Serial / IMEI]]="","No serial",""),IF(AND(Register[[#This Row],[Serial / IMEI]]<>"",COUNTIF(Register[Serial / IMEI],Register[[#This Row],[Serial / IMEI]])>1),"Duplicate serial",""),IF(AND(Register[[#This Row],[Asset Type]]<>"VHF",COUNTIFS(Register[Device Name / Code],Register[[#This Row],[Device Name / Code]],Register[Asset Type],Register[[#This Row],[Asset Type]])>1),"Duplicate name",""),IF(Register[[#This Row],[Location]]="","No location",""),IF(OR(Register[[#This Row],[Last Verified]]="",N(Register[[#This Row],[Days Since Verified]])>VerifyDays),"Verify due","")) -> Verify due | U56: Tab 10" row 8
A57: TAB10-007 | B57: Tablet 10" | C57: COD TAB038 | F57: 356904752488737 | G57: MPL21842 | J57: Dhiraagu 10GB / 1654 6458 | K57: COD | L57: C Shift | M57: In Use | N57: 46210 | Q57: =IF(Register[[#This Row],[Last Verified]]="","",TODAY()-Register[[#This Row],[Last Verified]]) | R57: =_xlfn.TEXTJOIN(", ",TRUE,IF(Register[[#This Row],[Serial / IMEI]]="","No serial",""),IF(AND(Register[[#This Row],[Serial / IMEI]]<>"",COUNTIF(Register[Serial / IMEI],Register[[#This Row],[Serial / IMEI]])>1),"Duplicate serial",""),IF(AND(Register[[#This Row],[Asset Type]]<>"VHF",COUNTIFS(Register[Device Name / Code],Register[[#This Row],[Device Name / Code]],Register[Asset Type],Register[[#This Row],[Asset Type]])>1),"Duplicate name",""),IF(Register[[#This Row],[Location]]="","No location",""),IF(OR(Register[[#This Row],[Last Verified]]="",N(Register[[#This Row],[Days Since Verified]])>VerifyDays),"Verify due","")) -> Verify due | T57: Received without Charger | U57: Tab 10" row 9
A58: TAB10-008 | B58: Tablet 10" | C58: COD TAB039 | F58: 356904752477680 | G58: MPL21839 | J58: Dhiraagu 10GB / 1675 4961 | K58: COD | L58: C Shift | M58: In Use | Q58: =IF(Register[[#This Row],[Last Verified]]="","",TODAY()-Register[[#This Row],[Last Verified]]) | R58: =_xlfn.TEXTJOIN(", ",TRUE,IF(Register[[#This Row],[Serial / IMEI]]="","No serial",""),IF(AND(Register[[#This Row],[Serial / IMEI]]<>"",COUNTIF(Register[Serial / IMEI],Register[[#This Row],[Serial / IMEI]])>1),"Duplicate serial",""),IF(AND(Register[[#This Row],[Asset Type]]<>"VHF",COUNTIFS(Register[Device Name / Code],Register[[#This Row],[Device Name / Code]],Register[Asset Type],Register[[#This Row],[Asset Type]])>1),"Duplicate name",""),IF(Register[[#This Row],[Location]]="","No location",""),IF(OR(Register[[#This Row],[Last Verified]]="",N(Register[[#This Row],[Days Since Verified]])>VerifyDays),"Verify due","")) -> Verify due | U58: Tab 10" row 10
A59: TAB10-009 | B59: Tablet 10" | C59: COD TAB040 | F59: 356904752478043 | G59: MPL21840 | J59: Dhiraagu 20GB | K59: HMT | M59: In Use | N59: 45808 | Q59: =IF(Register[[#This Row],[Last Verified]]="","",TODAY()-Register[[#This Row],[Last Verified]]) | R59: =_xlfn.TEXTJOIN(", ",TRUE,IF(Register[[#This Row],[Serial / IMEI]]="","No serial",""),IF(AND(Register[[#This Row],[Serial / IMEI]]<>"",COUNTIF(Register[Serial / IMEI],Register[[#This Row],[Serial / IMEI]])>1),"Duplicate serial",""),IF(AND(Register[[#This Row],[Asset Type]]<>"VHF",COUNTIFS(Register[Device Name / Code],Register[[#This Row],[Device Name / Code]],Register[Asset Type],Register[[#This Row],[Asset Type]])>1),"Duplicate name",""),IF(Register[[#This Row],[Location]]="","No location",""),IF(OR(Register[[#This Row],[Last Verified]]="",N(Register[[#This Row],[Days Since Verified]])>VerifyDays),"Verify due","")) -> Verify due | U59: Tab 10" row 11
A60: TAB10-010 | B60: Tablet 10" | C60: COD TAB041 | F60: 356904752488901 | G60: MPL21841 | J60: Dhiraagu 10GB / 1675 4963 | K60: COD | L60: A Shift | M60: In Use | Q60: =IF(Register[[#This Row],[Last Verified]]="","",TODAY()-Register[[#This Row],[Last Verified]]) | R60: =_xlfn.TEXTJOIN(", ",TRUE,IF(Register[[#This Row],[Serial / IMEI]]="","No serial",""),IF(AND(Register[[#This Row],[Serial / IMEI]]<>"",COUNTIF(Register[Serial / IMEI],Register[[#This Row],[Serial / IMEI]])>1),"Duplicate serial",""),IF(AND(Register[[#This Row],[Asset Type]]<>"VHF",COUNTIFS(Register[Device Name / Code],Register[[#This Row],[Device Name / Code]],Register[Asset Type],Register[[#This Row],[Asset Type]])>1),"Duplicate name",""),IF(Register[[#This Row],[Location]]="","No location",""),IF(OR(Register[[#This Row],[Last Verified]]="",N(Register[[#This Row],[Days Since Verified]])>VerifyDays),"Verify due","")) -> Verify due | U60: Tab 10" row 12
A61: TAB10-011 | B61: Tablet 10" | C61: COD TAB042 | J61: Dhiraagu 10GB / 1654 6160 | K61: COD | L61: C Shift | M61: In Use | N61: 46210 | Q61: =IF(Register[[#This Row],[Last Verified]]="","",TODAY()-Register[[#This Row],[Last Verified]]) | R61: =_xlfn.TEXTJOIN(", ",TRUE,IF(Register[[#This Row],[Serial / IMEI]]="","No serial",""),IF(AND(Register[[#This Row],[Serial / IMEI]]<>"",COUNTIF(Register[Serial / IMEI],Register[[#This Row],[Serial / IMEI]])>1),"Duplicate serial",""),IF(AND(Register[[#This Row],[Asset Type]]<>"VHF",COUNTIFS(Register[Device Name / Code],Register[[#This Row],[Device Name / Code]],Register[Asset Type],Register[[#This Row],[Asset Type]])>1),"Duplicate name",""),IF(Register[[#This Row],[Location]]="","No location",""),IF(OR(Register[[#This Row],[Last Verified]]="",N(Register[[#This Row],[Days Since Verified]])>VerifyDays),"Verify due","")) -> No serial, Verify due | T61: Received without Charger | U61: Tab 10" row 13
A62: TAB10-012 | B62: Tablet 10" | C62: COD TAB043 | F62: 356904751791669 | G62: MPL21843 | J62: Dhiraagu 10GB | K62: HMT | M62: In Use | N62: 45808 | Q62: =IF(Register[[#This Row],[Last Verified]]="","",TODAY()-Register[[#This Row],[Last Verified]]) | R62: =_xlfn.TEXTJOIN(", ",TRUE,IF(Register[[#This Row],[Serial / IMEI]]="","No serial",""),IF(AND(Register[[#This Row],[Serial / IMEI]]<>"",COUNTIF(Register[Serial / IMEI],Register[[#This Row],[Serial / IMEI]])>1),"Duplicate serial",""),IF(AND(Register[[#This Row],[Asset Type]]<>"VHF",COUNTIFS(Register[Device Name / Code],Register[[#This Row],[Device Name / Code]],Register[Asset Type],Register[[#This Row],[Asset Type]])>1),"Duplicate name",""),IF(Register[[#This Row],[Location]]="","No location",""),IF(OR(Register[[#This Row],[Last Verified]]="",N(Register[[#This Row],[Days Since Verified]])>VerifyDays),"Verify due","")) -> Verify due | U62: Tab 10" row 14
A63: TAB10-013 | B63: Tablet 10" | C63: COD TAB044 | F63: 356904752486376 | G63: MPL21844 | J63: Dhiraagu 10GB / 1675 4959 | K63: COD | L63: B Shift | M63: In Use | Q63: =IF(Register[[#This Row],[Last Verified]]="","",TODAY()-Register[[#This Row],[Last Verified]]) | R63: =_xlfn.TEXTJOIN(", ",TRUE,IF(Register[[#This Row],[Serial / IMEI]]="","No serial",""),IF(AND(Register[[#This Row],[Serial / IMEI]]<>"",COUNTIF(Register[Serial / IMEI],Register[[#This Row],[Serial / IMEI]])>1),"Duplicate serial",""),IF(AND(Register[[#This Row],[Asset Type]]<>"VHF",COUNTIFS(Register[Device Name / Code],Register[[#This Row],[Device Name / Code]],Register[Asset Type],Register[[#This Row],[Asset Type]])>1),"Duplicate name",""),IF(Register[[#This Row],[Location]]="","No location",""),IF(OR(Register[[#This Row],[Last Verified]]="",N(Register[[#This Row],[Days Since Verified]])>VerifyDays),"Verify due","")) -> Verify due | U63: Tab 10" row 15
A64: TAB10-014 | B64: Tablet 10" | C64: COD TAB045 | F64: 356904751810964 | G64: MPL21847 | J64: Dhiraagu 20GB | K64: HMT | M64: In Use | N64: 45808 | Q64: =IF(Register[[#This Row],[Last Verified]]="","",TODAY()-Register[[#This Row],[Last Verified]]) | R64: =_xlfn.TEXTJOIN(", ",TRUE,IF(Register[[#This Row],[Serial / IMEI]]="","No serial",""),IF(AND(Register[[#This Row],[Serial / IMEI]]<>"",COUNTIF(Register[Serial / IMEI],Register[[#This Row],[Serial / IMEI]])>1),"Duplicate serial",""),IF(AND(Register[[#This Row],[Asset Type]]<>"VHF",COUNTIFS(Register[Device Name / Code],Register[[#This Row],[Device Name / Code]],Register[Asset Type],Register[[#This Row],[Asset Type]])>1),"Duplicate name",""),IF(Register[[#This Row],[Location]]="","No location",""),IF(OR(Register[[#This Row],[Last Verified]]="",N(Register[[#This Row],[Days Since Verified]])>VerifyDays),"Verify due","")) -> Verify due | U64: Tab 10" row 16
A65: TAB10-015 | B65: Tablet 10" | C65: COD TAB046 | F65: 356904752484454 | G65: MPL21846 | J65: Dhiraagu 20GB / 1603 4966 | K65: Container Yard | L65: C Yard | M65: In Use | Q65: =IF(Register[[#This Row],[Last Verified]]="","",TODAY()-Register[[#This Row],[Last Verified]]) | R65: =_xlfn.TEXTJOIN(", ",TRUE,IF(Register[[#This Row],[Serial / IMEI]]="","No serial",""),IF(AND(Register[[#This Row],[Serial / IMEI]]<>"",COUNTIF(Register[Serial / IMEI],Register[[#This Row],[Serial / IMEI]])>1),"Duplicate serial",""),IF(AND(Register[[#This Row],[Asset Type]]<>"VHF",COUNTIFS(Register[Device Name / Code],Register[[#This Row],[Device Name / Code]],Register[Asset Type],Register[[#This Row],[Asset Type]])>1),"Duplicate name",""),IF(Register[[#This Row],[Location]]="","No location",""),IF(OR(Register[[#This Row],[Last Verified]]="",N(Register[[#This Row],[Days Since Verified]])>VerifyDays),"Verify due","")) -> Verify due | U65: Tab 10" row 17
A66: TAB10-016 | B66: Tablet 10" | C66: COD TAB047 | F66: 356904751785794 | G66: MPL21852 | J66: Dhiraagu 20GB / 1603 4964 | K66: Container Yard | L66: C Yard | M66: In Use | Q66: =IF(Register[[#This Row],[Last Verified]]="","",TODAY()-Register[[#This Row],[Last Verified]]) | R66: =_xlfn.TEXTJOIN(", ",TRUE,IF(Register[[#This Row],[Serial / IMEI]]="","No serial",""),IF(AND(Register[[#This Row],[Serial / IMEI]]<>"",COUNTIF(Register[Serial / IMEI],Register[[#This Row],[Serial / IMEI]])>1),"Duplicate serial",""),IF(AND(Register[[#This Row],[Asset Type]]<>"VHF",COUNTIFS(Register[Device Name / Code],Register[[#This Row],[Device Name / Code]],Register[Asset Type],Register[[#This Row],[Asset Type]])>1),"Duplicate name",""),IF(Register[[#This Row],[Location]]="","No location",""),IF(OR(Register[[#This Row],[Last Verified]]="",N(Register[[#This Row],[Days Since Verified]])>VerifyDays),"Verify due","")) -> Verify due | U66: Tab 10" row 18
A67: TAB10-017 | B67: Tablet 10" | C67: COD TAB048 | F67: 356904752482599 | G67: MPL21848 | J67: Dhiraagu 10GB | K67: HMT | M67: In Use | N67: 45808 | Q67: =IF(Register[[#This Row],[Last Verified]]="","",TODAY()-Register[[#This Row],[Last Verified]]) | R67: =_xlfn.TEXTJOIN(", ",TRUE,IF(Register[[#This Row],[Serial / IMEI]]="","No serial",""),IF(AND(Register[[#This Row],[Serial / IMEI]]<>"",COUNTIF(Register[Serial / IMEI],Register[[#This Row],[Serial / IMEI]])>1),"Duplicate serial",""),IF(AND(Register[[#This Row],[Asset Type]]<>"VHF",COUNTIFS(Register[Device Name / Code],Register[[#This Row],[Device Name / Code]],Register[Asset Type],Register[[#This Row],[Asset Type]])>1),"Duplicate name",""),IF(Register[[#This Row],[Location]]="","No location",""),IF(OR(Register[[#This Row],[Last Verified]]="",N(Register[[#This Row],[Days Since Verified]])>VerifyDays),"Verify due","")) -> Verify due | U67: Tab 10" row 19
A68: TAB10-018 | B68: Tablet 10" | C68: COD TAB049 | F68: 356904752484165 | G68: MPL21849 | J68: Dhiraagu 10GB / 1675 4954 | K68: Thilafushi | L68: C Yard | M68: In Use | Q68: =IF(Register[[#This Row],[Last Verified]]="","",TODAY()-Register[[#This Row],[Last Verified]]) | R68: =_xlfn.TEXTJOIN(", ",TRUE,IF(Register[[#This Row],[Serial / IMEI]]="","No serial",""),IF(AND(Register[[#This Row],[Serial / IMEI]]<>"",COUNTIF(Register[Serial / IMEI],Register[[#This Row],[Serial / IMEI]])>1),"Duplicate serial",""),IF(AND(Register[[#This Row],[Asset Type]]<>"VHF",COUNTIFS(Register[Device Name / Code],Register[[#This Row],[Device Name / Code]],Register[Asset Type],Register[[#This Row],[Asset Type]])>1),"Duplicate name",""),IF(Register[[#This Row],[Location]]="","No location",""),IF(OR(Register[[#This Row],[Last Verified]]="",N(Register[[#This Row],[Days Since Verified]])>VerifyDays),"Verify due","")) -> Verify due | T68: 25.4.2026 | U68: Tab 10" row 20
A69: TAB10-019 | B69: Tablet 10" | C69: COD TAB050 | F69: 356904752481096 | G69: MPL21850 | J69: Dhiraagu 10GB / 1675 4953 | K69: COD | L69: A Shift | M69: In Use | Q69: =IF(Register[[#This Row],[Last Verified]]="","",TODAY()-Register[[#This Row],[Last Verified]]) | R69: =_xlfn.TEXTJOIN(", ",TRUE,IF(Register[[#This Row],[Serial / IMEI]]="","No serial",""),IF(AND(Register[[#This Row],[Serial / IMEI]]<>"",COUNTIF(Register[Serial / IMEI],Register[[#This Row],[Serial / IMEI]])>1),"Duplicate serial",""),IF(AND(Register[[#This Row],[Asset Type]]<>"VHF",COUNTIFS(Register[Device Name / Code],Register[[#This Row],[Device Name / Code]],Register[Asset Type],Register[[#This Row],[Asset Type]])>1),"Duplicate name",""),IF(Register[[#This Row],[Location]]="","No location",""),IF(OR(Register[[#This Row],[Last Verified]]="",N(Register[[#This Row],[Days Since Verified]])>VerifyDays),"Verify due","")) -> Verify due | U69: Tab 10" row 21
A70: TAB10-020 | B70: Tablet 10" | C70: COD TAB051 | F70: 356904750632443 | G70: MPL21851 | J70: Dhiraagu 10GB / 1675 4962 | K70: COD | L70: A Shift | M70: In Use | Q70: =IF(Register[[#This Row],[Last Verified]]="","",TODAY()-Register[[#This Row],[Last Verified]]) | R70: =_xlfn.TEXTJOIN(", ",TRUE,IF(Register[[#This Row],[Serial / IMEI]]="","No serial",""),IF(AND(Register[[#This Row],[Serial / IMEI]]<>"",COUNTIF(Register[Serial / IMEI],Register[[#This Row],[Serial / IMEI]])>1),"Duplicate serial",""),IF(AND(Register[[#This Row],[Asset Type]]<>"VHF",COUNTIFS(Register[Device Name / Code],Register[[#This Row],[Device Name / Code]],Register[Asset Type],Register[[#This Row],[Asset Type]])>1),"Duplicate name",""),IF(Register[[#This Row],[Location]]="","No location",""),IF(OR(Register[[#This Row],[Last Verified]]="",N(Register[[#This Row],[Days Since Verified]])>VerifyDays),"Verify due","")) -> Verify due | U70: Tab 10" row 22
A71: PC-001 | B71: PC | C71: PC-CODS-05 | L71: Forman | M71: In Use | Q71: =IF(Register[[#This Row],[Last Verified]]="","",TODAY()-Register[[#This Row],[Last Verified]]) | R71: =_xlfn.TEXTJOIN(", ",TRUE,IF(Register[[#This Row],[Serial / IMEI]]="","No serial",""),IF(AND(Register[[#This Row],[Serial / IMEI]]<>"",COUNTIF(Register[Serial / IMEI],Register[[#This Row],[Serial / IMEI]])>1),"Duplicate serial",""),IF(AND(Register[[#This Row],[Asset Type]]<>"VHF",COUNTIFS(Register[Device Name / Code],Register[[#This Row],[Device Name / Code]],Register[Asset Type],Register[[#This Row],[Asset Type]])>1),"Duplicate name",""),IF(Register[[#This Row],[Location]]="","No location",""),IF(OR(Register[[#This Row],[Last Verified]]="",N(Register[[#This Row],[Days Since Verified]])>VerifyDays),"Verify due","")) -> No serial, No location, Verify due | U71: PC row 2
A72: PC-002 | B72: PC | C72: PC-COD-40 | L72: Ground D-Inch | M72: In Use | Q72: =IF(Register[[#This Row],[Last Verified]]="","",TODAY()-Register[[#This Row],[Last Verified]]) | R72: =_xlfn.TEXTJOIN(", ",TRUE,IF(Register[[#This Row],[Serial / IMEI]]="","No serial",""),IF(AND(Register[[#This Row],[Serial / IMEI]]<>"",COUNTIF(Register[Serial / IMEI],Register[[#This Row],[Serial / IMEI]])>1),"Duplicate serial",""),IF(AND(Register[[#This Row],[Asset Type]]<>"VHF",COUNTIFS(Register[Device Name / Code],Register[[#This Row],[Device Name / Code]],Register[Asset Type],Register[[#This Row],[Asset Type]])>1),"Duplicate name",""),IF(Register[[#This Row],[Location]]="","No location",""),IF(OR(Register[[#This Row],[Last Verified]]="",N(Register[[#This Row],[Days Since Verified]])>VerifyDays),"Verify due","")) -> No serial, No location, Verify due | T72: Monitors: 2 | U72: PC row 3
A73: PC-003 | B73: PC | C73: PC-CODS-16 | L73: Gear (Fayabe) | M73: In Use | Q73: =IF(Register[[#This Row],[Last Verified]]="","",TODAY()-Register[[#This Row],[Last Verified]]) | R73: =_xlfn.TEXTJOIN(", ",TRUE,IF(Register[[#This Row],[Serial / IMEI]]="","No serial",""),IF(AND(Register[[#This Row],[Serial / IMEI]]<>"",COUNTIF(Register[Serial / IMEI],Register[[#This Row],[Serial / IMEI]])>1),"Duplicate serial",""),IF(AND(Register[[#This Row],[Asset Type]]<>"VHF",COUNTIFS(Register[Device Name / Code],Register[[#This Row],[Device Name / Code]],Register[Asset Type],Register[[#This Row],[Asset Type]])>1),"Duplicate name",""),IF(Register[[#This Row],[Location]]="","No location",""),IF(OR(Register[[#This Row],[Last Verified]]="",N(Register[[#This Row],[Days Since Verified]])>VerifyDays),"Verify due","")) -> No serial, No location, Verify due | U73: PC row 4
A74: PC-004 | B74: PC | C74: CODS-10 | M74: Not in Use | Q74: =IF(Register[[#This Row],[Last Verified]]="","",TODAY()-Register[[#This Row],[Last Verified]]) | R74: =_xlfn.TEXTJOIN(", ",TRUE,IF(Register[[#This Row],[Serial / IMEI]]="","No serial",""),IF(AND(Register[[#This Row],[Serial / IMEI]]<>"",COUNTIF(Register[Serial / IMEI],Register[[#This Row],[Serial / IMEI]])>1),"Duplicate serial",""),IF(AND(Register[[#This Row],[Asset Type]]<>"VHF",COUNTIFS(Register[Device Name / Code],Register[[#This Row],[Device Name / Code]],Register[Asset Type],Register[[#This Row],[Asset Type]])>1),"Duplicate name",""),IF(Register[[#This Row],[Location]]="","No location",""),IF(OR(Register[[#This Row],[Last Verified]]="",N(Register[[#This Row],[Days Since Verified]])>VerifyDays),"Verify due","")) -> No serial, No location, Verify due | T74: Old One | U74: PC row 5
A75: PC-005 | B75: PC | C75: PC-COD-44 | L75: Container Yard Sup | M75: In Use | Q75: =IF(Register[[#This Row],[Last Verified]]="","",TODAY()-Register[[#This Row],[Last Verified]]) | R75: =_xlfn.TEXTJOIN(", ",TRUE,IF(Register[[#This Row],[Serial / IMEI]]="","No serial",""),IF(AND(Register[[#This Row],[Serial / IMEI]]<>"",COUNTIF(Register[Serial / IMEI],Register[[#This Row],[Serial / IMEI]])>1),"Duplicate serial",""),IF(AND(Register[[#This Row],[Asset Type]]<>"VHF",COUNTIFS(Register[Device Name / Code],Register[[#This Row],[Device Name / Code]],Register[Asset Type],Register[[#This Row],[Asset Type]])>1),"Duplicate name",""),IF(Register[[#This Row],[Location]]="","No location",""),IF(OR(Register[[#This Row],[Last Verified]]="",N(Register[[#This Row],[Days Since Verified]])>VerifyDays),"Verify due","")) -> No serial, No location, Verify due | U75: PC row 6
A76: PC-006 | B76: PC | C76: PC-CODS-10 | L76: Container Yard Sup | M76: In Use | Q76: =IF(Register[[#This Row],[Last Verified]]="","",TODAY()-Register[[#This Row],[Last Verified]]) | R76: =_xlfn.TEXTJOIN(", ",TRUE,IF(Register[[#This Row],[Serial / IMEI]]="","No serial",""),IF(AND(Register[[#This Row],[Serial / IMEI]]<>"",COUNTIF(Register[Serial / IMEI],Register[[#This Row],[Serial / IMEI]])>1),"Duplicate serial",""),IF(AND(Register[[#This Row],[Asset Type]]<>"VHF",COUNTIFS(Register[Device Name / Code],Register[[#This Row],[Device Name / Code]],Register[Asset Type],Register[[#This Row],[Asset Type]])>1),"Duplicate name",""),IF(Register[[#This Row],[Location]]="","No location",""),IF(OR(Register[[#This Row],[Last Verified]]="",N(Register[[#This Row],[Days Since Verified]])>VerifyDays),"Verify due","")) -> No serial, No location, Verify due | U76: PC row 7
A77: PC-007 | B77: PC | C77: PC-CODS-03 | L77: Container Yard Inch | M77: In Use | Q77: =IF(Register[[#This Row],[Last Verified]]="","",TODAY()-Register[[#This Row],[Last Verified]]) | R77: =_xlfn.TEXTJOIN(", ",TRUE,IF(Register[[#This Row],[Serial / IMEI]]="","No serial",""),IF(AND(Register[[#This Row],[Serial / IMEI]]<>"",COUNTIF(Register[Serial / IMEI],Register[[#This Row],[Serial / IMEI]])>1),"Duplicate serial",""),IF(AND(Register[[#This Row],[Asset Type]]<>"VHF",COUNTIFS(Register[Device Name / Code],Register[[#This Row],[Device Name / Code]],Register[Asset Type],Register[[#This Row],[Asset Type]])>1),"Duplicate name",""),IF(Register[[#This Row],[Location]]="","No location",""),IF(OR(Register[[#This Row],[Last Verified]]="",N(Register[[#This Row],[Days Since Verified]])>VerifyDays),"Verify due","")) -> No serial, No location, Verify due | U77: PC row 8
A78: PC-008 | B78: PC | C78: CODS-O2 | L78: Admin | M78: In Use | Q78: =IF(Register[[#This Row],[Last Verified]]="","",TODAY()-Register[[#This Row],[Last Verified]]) | R78: =_xlfn.TEXTJOIN(", ",TRUE,IF(Register[[#This Row],[Serial / IMEI]]="","No serial",""),IF(AND(Register[[#This Row],[Serial / IMEI]]<>"",COUNTIF(Register[Serial / IMEI],Register[[#This Row],[Serial / IMEI]])>1),"Duplicate serial",""),IF(AND(Register[[#This Row],[Asset Type]]<>"VHF",COUNTIFS(Register[Device Name / Code],Register[[#This Row],[Device Name / Code]],Register[Asset Type],Register[[#This Row],[Asset Type]])>1),"Duplicate name",""),IF(Register[[#This Row],[Location]]="","No location",""),IF(OR(Register[[#This Row],[Last Verified]]="",N(Register[[#This Row],[Days Since Verified]])>VerifyDays),"Verify due","")) -> No serial, No location, Verify due | U78: PC row 9
A79: PC-009 | B79: PC | C79: PC-COD-45 | L79: Admin (Sithu) | M79: In Use | Q79: =IF(Register[[#This Row],[Last Verified]]="","",TODAY()-Register[[#This Row],[Last Verified]]) | R79: =_xlfn.TEXTJOIN(", ",TRUE,IF(Register[[#This Row],[Serial / IMEI]]="","No serial",""),IF(AND(Register[[#This Row],[Serial / IMEI]]<>"",COUNTIF(Register[Serial / IMEI],Register[[#This Row],[Serial / IMEI]])>1),"Duplicate serial",""),IF(AND(Register[[#This Row],[Asset Type]]<>"VHF",COUNTIFS(Register[Device Name / Code],Register[[#This Row],[Device Name / Code]],Register[Asset Type],Register[[#This Row],[Asset Type]])>1),"Duplicate name",""),IF(Register[[#This Row],[Location]]="","No location",""),IF(OR(Register[[#This Row],[Last Verified]]="",N(Register[[#This Row],[Days Since Verified]])>VerifyDays),"Verify due","")) -> No serial, No location, Verify due | U79: PC row 10
A80: PC-010 | B80: PC | C80: PC-COD-43 | L80: Groun Yard Inch | M80: In Use | Q80: =IF(Register[[#This Row],[Last Verified]]="","",TODAY()-Register[[#This Row],[Last Verified]]) | R80: =_xlfn.TEXTJOIN(", ",TRUE,IF(Register[[#This Row],[Serial / IMEI]]="","No serial",""),IF(AND(Register[[#This Row],[Serial / IMEI]]<>"",COUNTIF(Register[Serial / IMEI],Register[[#This Row],[Serial / IMEI]])>1),"Duplicate serial",""),IF(AND(Register[[#This Row],[Asset Type]]<>"VHF",COUNTIFS(Register[Device Name / Code],Register[[#This Row],[Device Name / Code]],Register[Asset Type],Register[[#This Row],[Asset Type]])>1),"Duplicate name",""),IF(Register[[#This Row],[Location]]="","No location",""),IF(OR(Register[[#This Row],[Last Verified]]="",N(Register[[#This Row],[Days Since Verified]])>VerifyDays),"Verify due","")) -> No serial, Duplicate name, No location, Verify due | T80: Monitors: 2 | U80: PC row 11
A81: PC-011 | B81: PC | C81: PC-COD-43 | L81: Bandu Moosa | M81: In Use | Q81: =IF(Register[[#This Row],[Last Verified]]="","",TODAY()-Register[[#This Row],[Last Verified]]) | R81: =_xlfn.TEXTJOIN(", ",TRUE,IF(Register[[#This Row],[Serial / IMEI]]="","No serial",""),IF(AND(Register[[#This Row],[Serial / IMEI]]<>"",COUNTIF(Register[Serial / IMEI],Register[[#This Row],[Serial / IMEI]])>1),"Duplicate serial",""),IF(AND(Register[[#This Row],[Asset Type]]<>"VHF",COUNTIFS(Register[Device Name / Code],Register[[#This Row],[Device Name / Code]],Register[Asset Type],Register[[#This Row],[Asset Type]])>1),"Duplicate name",""),IF(Register[[#This Row],[Location]]="","No location",""),IF(OR(Register[[#This Row],[Last Verified]]="",N(Register[[#This Row],[Days Since Verified]])>VerifyDays),"Verify due","")) -> No serial, Duplicate name, No location, Verify due | U81: PC row 12
A82: PC-012 | B82: PC | C82: PC-COD-54 | L82: Shuhaam | M82: In Use | Q82: =IF(Register[[#This Row],[Last Verified]]="","",TODAY()-Register[[#This Row],[Last Verified]]) | R82: =_xlfn.TEXTJOIN(", ",TRUE,IF(Register[[#This Row],[Serial / IMEI]]="","No serial",""),IF(AND(Register[[#This Row],[Serial / IMEI]]<>"",COUNTIF(Register[Serial / IMEI],Register[[#This Row],[Serial / IMEI]])>1),"Duplicate serial",""),IF(AND(Register[[#This Row],[Asset Type]]<>"VHF",COUNTIFS(Register[Device Name / Code],Register[[#This Row],[Device Name / Code]],Register[Asset Type],Register[[#This Row],[Asset Type]])>1),"Duplicate name",""),IF(Register[[#This Row],[Location]]="","No location",""),IF(OR(Register[[#This Row],[Last Verified]]="",N(Register[[#This Row],[Days Since Verified]])>VerifyDays),"Verify due","")) -> No serial, No location, Verify due | U82: PC row 13
A83: PC-013 | B83: PC | C83: PC-COD-27 | L83: Telly Inch | M83: In Use | Q83: =IF(Register[[#This Row],[Last Verified]]="","",TODAY()-Register[[#This Row],[Last Verified]]) | R83: =_xlfn.TEXTJOIN(", ",TRUE,IF(Register[[#This Row],[Serial / IMEI]]="","No serial",""),IF(AND(Register[[#This Row],[Serial / IMEI]]<>"",COUNTIF(Register[Serial / IMEI],Register[[#This Row],[Serial / IMEI]])>1),"Duplicate serial",""),IF(AND(Register[[#This Row],[Asset Type]]<>"VHF",COUNTIFS(Register[Device Name / Code],Register[[#This Row],[Device Name / Code]],Register[Asset Type],Register[[#This Row],[Asset Type]])>1),"Duplicate name",""),IF(Register[[#This Row],[Location]]="","No location",""),IF(OR(Register[[#This Row],[Last Verified]]="",N(Register[[#This Row],[Days Since Verified]])>VerifyDays),"Verify due","")) -> No serial, No location, Verify due | T83: Monitors: 2 | U83: PC row 14
A84: PC-014 | B84: PC | C84: CODS-O1 | L84: Labours | M84: In Use | Q84: =IF(Register[[#This Row],[Last Verified]]="","",TODAY()-Register[[#This Row],[Last Verified]]) | R84: =_xlfn.TEXTJOIN(", ",TRUE,IF(Register[[#This Row],[Serial / IMEI]]="","No serial",""),IF(AND(Register[[#This Row],[Serial / IMEI]]<>"",COUNTIF(Register[Serial / IMEI],Register[[#This Row],[Serial / IMEI]])>1),"Duplicate serial",""),IF(AND(Register[[#This Row],[Asset Type]]<>"VHF",COUNTIFS(Register[Device Name / Code],Register[[#This Row],[Device Name / Code]],Register[Asset Type],Register[[#This Row],[Asset Type]])>1),"Duplicate name",""),IF(Register[[#This Row],[Location]]="","No location",""),IF(OR(Register[[#This Row],[Last Verified]]="",N(Register[[#This Row],[Days Since Verified]])>VerifyDays),"Verify due","")) -> No serial, No location, Verify due | U84: PC row 15
A85: PC-015 | B85: PC | C85: PC-COD-41 | L85: Shantte | M85: In Use | Q85: =IF(Register[[#This Row],[Last Verified]]="","",TODAY()-Register[[#This Row],[Last Verified]]) | R85: =_xlfn.TEXTJOIN(", ",TRUE,IF(Register[[#This Row],[Serial / IMEI]]="","No serial",""),IF(AND(Register[[#This Row],[Serial / IMEI]]<>"",COUNTIF(Register[Serial / IMEI],Register[[#This Row],[Serial / IMEI]])>1),"Duplicate serial",""),IF(AND(Register[[#This Row],[Asset Type]]<>"VHF",COUNTIFS(Register[Device Name / Code],Register[[#This Row],[Device Name / Code]],Register[Asset Type],Register[[#This Row],[Asset Type]])>1),"Duplicate name",""),IF(Register[[#This Row],[Location]]="","No location",""),IF(OR(Register[[#This Row],[Last Verified]]="",N(Register[[#This Row],[Days Since Verified]])>VerifyDays),"Verify due","")) -> No serial, No location, Verify due | U85: PC row 16
A86: PC-016 | B86: PC | C86: CODS-11 | L86: Fazeel | M86: In Use | Q86: =IF(Register[[#This Row],[Last Verified]]="","",TODAY()-Register[[#This Row],[Last Verified]]) | R86: =_xlfn.TEXTJOIN(", ",TRUE,IF(Register[[#This Row],[Serial / IMEI]]="","No serial",""),IF(AND(Register[[#This Row],[Serial / IMEI]]<>"",COUNTIF(Register[Serial / IMEI],Register[[#This Row],[Serial / IMEI]])>1),"Duplicate serial",""),IF(AND(Register[[#This Row],[Asset Type]]<>"VHF",COUNTIFS(Register[Device Name / Code],Register[[#This Row],[Device Name / Code]],Register[Asset Type],Register[[#This Row],[Asset Type]])>1),"Duplicate name",""),IF(Register[[#This Row],[Location]]="","No location",""),IF(OR(Register[[#This Row],[Last Verified]]="",N(Register[[#This Row],[Days Since Verified]])>VerifyDays),"Verify due","")) -> No serial, No location, Verify due | U86: PC row 17
A87: PC-017 | B87: PC | C87: CODS-O9 | L87: Thithibe | M87: In Use | Q87: =IF(Register[[#This Row],[Last Verified]]="","",TODAY()-Register[[#This Row],[Last Verified]]) | R87: =_xlfn.TEXTJOIN(", ",TRUE,IF(Register[[#This Row],[Serial / IMEI]]="","No serial",""),IF(AND(Register[[#This Row],[Serial / IMEI]]<>"",COUNTIF(Register[Serial / IMEI],Register[[#This Row],[Serial / IMEI]])>1),"Duplicate serial",""),IF(AND(Register[[#This Row],[Asset Type]]<>"VHF",COUNTIFS(Register[Device Name / Code],Register[[#This Row],[Device Name / Code]],Register[Asset Type],Register[[#This Row],[Asset Type]])>1),"Duplicate name",""),IF(Register[[#This Row],[Location]]="","No location",""),IF(OR(Register[[#This Row],[Last Verified]]="",N(Register[[#This Row],[Days Since Verified]])>VerifyDays),"Verify due","")) -> No serial, No location, Verify due | U87: PC row 18
A88: PC-018 | B88: PC | C88: PC-COD-38 | L88: Megu | M88: In Use | Q88: =IF(Register[[#This Row],[Last Verified]]="","",TODAY()-Register[[#This Row],[Last Verified]]) | R88: =_xlfn.TEXTJOIN(", ",TRUE,IF(Register[[#This Row],[Serial / IMEI]]="","No serial",""),IF(AND(Register[[#This Row],[Serial / IMEI]]<>"",COUNTIF(Register[Serial / IMEI],Register[[#This Row],[Serial / IMEI]])>1),"Duplicate serial",""),IF(AND(Register[[#This Row],[Asset Type]]<>"VHF",COUNTIFS(Register[Device Name / Code],Register[[#This Row],[Device Name / Code]],Register[Asset Type],Register[[#This Row],[Asset Type]])>1),"Duplicate name",""),IF(Register[[#This Row],[Location]]="","No location",""),IF(OR(Register[[#This Row],[Last Verified]]="",N(Register[[#This Row],[Days Since Verified]])>VerifyDays),"Verify due","")) -> No serial, No location, Verify due | U88: PC row 19
A89: PC-019 | B89: PC | C89: COD-21 | L89: Tally | M89: In Use | Q89: =IF(Register[[#This Row],[Last Verified]]="","",TODAY()-Register[[#This Row],[Last Verified]]) | R89: =_xlfn.TEXTJOIN(", ",TRUE,IF(Register[[#This Row],[Serial / IMEI]]="","No serial",""),IF(AND(Register[[#This Row],[Serial / IMEI]]<>"",COUNTIF(Register[Serial / IMEI],Register[[#This Row],[Serial / IMEI]])>1),"Duplicate serial",""),IF(AND(Register[[#This Row],[Asset Type]]<>"VHF",COUNTIFS(Register[Device Name / Code],Register[[#This Row],[Device Name / Code]],Register[Asset Type],Register[[#This Row],[Asset Type]])>1),"Duplicate name",""),IF(Register[[#This Row],[Location]]="","No location",""),IF(OR(Register[[#This Row],[Last Verified]]="",N(Register[[#This Row],[Days Since Verified]])>VerifyDays),"Verify due","")) -> No serial, No location, Verify due | U89: PC row 20
A90: PC-020 | B90: PC | C90: PC-POD-46 | L90: Ops (New) | M90: In Use | Q90: =IF(Register[[#This Row],[Last Verified]]="","",TODAY()-Register[[#This Row],[Last Verified]]) | R90: =_xlfn.TEXTJOIN(", ",TRUE,IF(Register[[#This Row],[Serial / IMEI]]="","No serial",""),IF(AND(Register[[#This Row],[Serial / IMEI]]<>"",COUNTIF(Register[Serial / IMEI],Register[[#This Row],[Serial / IMEI]])>1),"Duplicate serial",""),IF(AND(Register[[#This Row],[Asset Type]]<>"VHF",COUNTIFS(Register[Device Name / Code],Register[[#This Row],[Device Name / Code]],Register[Asset Type],Register[[#This Row],[Asset Type]])>1),"Duplicate name",""),IF(Register[[#This Row],[Location]]="","No location",""),IF(OR(Register[[#This Row],[Last Verified]]="",N(Register[[#This Row],[Days Since Verified]])>VerifyDays),"Verify due","")) -> No serial, No location, Verify due | U90: PC row 21
A91: PC-021 | B91: PC | C91: PC-POD-47 | L91: Ops (New) | M91: In Use | Q91: =IF(Register[[#This Row],[Last Verified]]="","",TODAY()-Register[[#This Row],[Last Verified]]) | R91: =_xlfn.TEXTJOIN(", ",TRUE,IF(Register[[#This Row],[Serial / IMEI]]="","No serial",""),IF(AND(Register[[#This Row],[Serial / IMEI]]<>"",COUNTIF(Register[Serial / IMEI],Register[[#This Row],[Serial / IMEI]])>1),"Duplicate serial",""),IF(AND(Register[[#This Row],[Asset Type]]<>"VHF",COUNTIFS(Register[Device Name / Code],Register[[#This Row],[Device Name / Code]],Register[Asset Type],Register[[#This Row],[Asset Type]])>1),"Duplicate name",""),IF(Register[[#This Row],[Location]]="","No location",""),IF(OR(Register[[#This Row],[Last Verified]]="",N(Register[[#This Row],[Days Since Verified]])>VerifyDays),"Verify due","")) -> No serial, No location, Verify due | U91: PC row 22
A92: PC-022 | B92: PC | C92: PC-POD-48 | M92: Unverified | Q92: =IF(Register[[#This Row],[Last Verified]]="","",TODAY()-Register[[#This Row],[Last Verified]]) | R92: =_xlfn.TEXTJOIN(", ",TRUE,IF(Register[[#This Row],[Serial / IMEI]]="","No serial",""),IF(AND(Register[[#This Row],[Serial / IMEI]]<>"",COUNTIF(Register[Serial / IMEI],Register[[#This Row],[Serial / IMEI]])>1),"Duplicate serial",""),IF(AND(Register[[#This Row],[Asset Type]]<>"VHF",COUNTIFS(Register[Device Name / Code],Register[[#This Row],[Device Name / Code]],Register[Asset Type],Register[[#This Row],[Asset Type]])>1),"Duplicate name",""),IF(Register[[#This Row],[Location]]="","No location",""),IF(OR(Register[[#This Row],[Last Verified]]="",N(Register[[#This Row],[Days Since Verified]])>VerifyDays),"Verify due","")) -> No serial, No location, Verify due | U92: PC row 23
A93: PC-023 | B93: PC | C93: PC-POD-49 | L93: Shihaan (New) | M93: In Use | Q93: =IF(Register[[#This Row],[Last Verified]]="","",TODAY()-Register[[#This Row],[Last Verified]]) | R93: =_xlfn.TEXTJOIN(", ",TRUE,IF(Register[[#This Row],[Serial / IMEI]]="","No serial",""),IF(AND(Register[[#This Row],[Serial / IMEI]]<>"",COUNTIF(Register[Serial / IMEI],Register[[#This Row],[Serial / IMEI]])>1),"Duplicate serial",""),IF(AND(Register[[#This Row],[Asset Type]]<>"VHF",COUNTIFS(Register[Device Name / Code],Register[[#This Row],[Device Name / Code]],Register[Asset Type],Register[[#This Row],[Asset Type]])>1),"Duplicate name",""),IF(Register[[#This Row],[Location]]="","No location",""),IF(OR(Register[[#This Row],[Last Verified]]="",N(Register[[#This Row],[Days Since Verified]])>VerifyDays),"Verify due","")) -> No serial, No location, Verify due | U93: PC row 24
A94: PC-024 | B94: PC | C94: PC-POD-50 | L94: Shafraz (New) | M94: In Use | Q94: =IF(Register[[#This Row],[Last Verified]]="","",TODAY()-Register[[#This Row],[Last Verified]]) | R94: =_xlfn.TEXTJOIN(", ",TRUE,IF(Register[[#This Row],[Serial / IMEI]]="","No serial",""),IF(AND(Register[[#This Row],[Serial / IMEI]]<>"",COUNTIF(Register[Serial / IMEI],Register[[#This Row],[Serial / IMEI]])>1),"Duplicate serial",""),IF(AND(Register[[#This Row],[Asset Type]]<>"VHF",COUNTIFS(Register[Device Name / Code],Register[[#This Row],[Device Name / Code]],Register[Asset Type],Register[[#This Row],[Asset Type]])>1),"Duplicate name",""),IF(Register[[#This Row],[Location]]="","No location",""),IF(OR(Register[[#This Row],[Last Verified]]="",N(Register[[#This Row],[Days Since Verified]])>VerifyDays),"Verify due","")) -> No serial, No location, Verify due | U94: PC row 25
A95: PC-025 | B95: PC | C95: PC-POD-51 | L95: Shiyam / Nihaz / Abdullah (New) | M95: In Use | Q95: =IF(Register[[#This Row],[Last Verified]]="","",TODAY()-Register[[#This Row],[Last Verified]]) | R95: =_xlfn.TEXTJOIN(", ",TRUE,IF(Register[[#This Row],[Serial / IMEI]]="","No serial",""),IF(AND(Register[[#This Row],[Serial / IMEI]]<>"",COUNTIF(Register[Serial / IMEI],Register[[#This Row],[Serial / IMEI]])>1),"Duplicate serial",""),IF(AND(Register[[#This Row],[Asset Type]]<>"VHF",COUNTIFS(Register[Device Name / Code],Register[[#This Row],[Device Name / Code]],Register[Asset Type],Register[[#This Row],[Asset Type]])>1),"Duplicate name",""),IF(Register[[#This Row],[Location]]="","No location",""),IF(OR(Register[[#This Row],[Last Verified]]="",N(Register[[#This Row],[Days Since Verified]])>VerifyDays),"Verify due","")) -> No serial, No location, Verify due | U95: PC row 26
A96: PC-026 | B96: PC | C96: PC-POD-52 | M96: Unverified | Q96: =IF(Register[[#This Row],[Last Verified]]="","",TODAY()-Register[[#This Row],[Last Verified]]) | R96: =_xlfn.TEXTJOIN(", ",TRUE,IF(Register[[#This Row],[Serial / IMEI]]="","No serial",""),IF(AND(Register[[#This Row],[Serial / IMEI]]<>"",COUNTIF(Register[Serial / IMEI],Register[[#This Row],[Serial / IMEI]])>1),"Duplicate serial",""),IF(AND(Register[[#This Row],[Asset Type]]<>"VHF",COUNTIFS(Register[Device Name / Code],Register[[#This Row],[Device Name / Code]],Register[Asset Type],Register[[#This Row],[Asset Type]])>1),"Duplicate name",""),IF(Register[[#This Row],[Location]]="","No location",""),IF(OR(Register[[#This Row],[Last Verified]]="",N(Register[[#This Row],[Days Since Verified]])>VerifyDays),"Verify due","")) -> No serial, No location, Verify due | U96: PC row 27
A97: PC-027 | B97: PC | C97: PC-POD-53 | L97: Ops Support (New) | M97: In Use | Q97: =IF(Register[[#This Row],[Last Verified]]="","",TODAY()-Register[[#This Row],[Last Verified]]) | R97: =_xlfn.TEXTJOIN(", ",TRUE,IF(Register[[#This Row],[Serial / IMEI]]="","No serial",""),IF(AND(Register[[#This Row],[Serial / IMEI]]<>"",COUNTIF(Register[Serial / IMEI],Register[[#This Row],[Serial / IMEI]])>1),"Duplicate serial",""),IF(AND(Register[[#This Row],[Asset Type]]<>"VHF",COUNTIFS(Register[Device Name / Code],Register[[#This Row],[Device Name / Code]],Register[Asset Type],Register[[#This Row],[Asset Type]])>1),"Duplicate name",""),IF(Register[[#This Row],[Location]]="","No location",""),IF(OR(Register[[#This Row],[Last Verified]]="",N(Register[[#This Row],[Days Since Verified]])>VerifyDays),"Verify due","")) -> No serial, No location, Verify due | U97: PC row 28
A98: PC-028 | B98: PC | C98: PC-POD-54 | L98: Shuhaam (New) | M98: In Use | Q98: =IF(Register[[#This Row],[Last Verified]]="","",TODAY()-Register[[#This Row],[Last Verified]]) | R98: =_xlfn.TEXTJOIN(", ",TRUE,IF(Register[[#This Row],[Serial / IMEI]]="","No serial",""),IF(AND(Register[[#This Row],[Serial / IMEI]]<>"",COUNTIF(Register[Serial / IMEI],Register[[#This Row],[Serial / IMEI]])>1),"Duplicate serial",""),IF(AND(Register[[#This Row],[Asset Type]]<>"VHF",COUNTIFS(Register[Device Name / Code],Register[[#This Row],[Device Name / Code]],Register[Asset Type],Register[[#This Row],[Asset Type]])>1),"Duplicate name",""),IF(Register[[#This Row],[Location]]="","No location",""),IF(OR(Register[[#This Row],[Last Verified]]="",N(Register[[#This Row],[Days Since Verified]])>VerifyDays),"Verify due","")) -> No serial, No location, Verify due | U98: PC row 29
A99: PC-029 | B99: PC | C99: PC-POD-55 | L99: Fazeel (New) | M99: In Use | Q99: =IF(Register[[#This Row],[Last Verified]]="","",TODAY()-Register[[#This Row],[Last Verified]]) | R99: =_xlfn.TEXTJOIN(", ",TRUE,IF(Register[[#This Row],[Serial / IMEI]]="","No serial",""),IF(AND(Register[[#This Row],[Serial / IMEI]]<>"",COUNTIF(Register[Serial / IMEI],Register[[#This Row],[Serial / IMEI]])>1),"Duplicate serial",""),IF(AND(Register[[#This Row],[Asset Type]]<>"VHF",COUNTIFS(Register[Device Name / Code],Register[[#This Row],[Device Name / Code]],Register[Asset Type],Register[[#This Row],[Asset Type]])>1),"Duplicate name",""),IF(Register[[#This Row],[Location]]="","No location",""),IF(OR(Register[[#This Row],[Last Verified]]="",N(Register[[#This Row],[Days Since Verified]])>VerifyDays),"Verify due","")) -> No serial, No location, Verify due | U99: PC row 30
A100: PC-030 | B100: PC | C100: PC-COD-16 | L100: Ops | M100: In Use | Q100: =IF(Register[[#This Row],[Last Verified]]="","",TODAY()-Register[[#This Row],[Last Verified]]) | R100: =_xlfn.TEXTJOIN(", ",TRUE,IF(Register[[#This Row],[Serial / IMEI]]="","No serial",""),IF(AND(Register[[#This Row],[Serial / IMEI]]<>"",COUNTIF(Register[Serial / IMEI],Register[[#This Row],[Serial / IMEI]])>1),"Duplicate serial",""),IF(AND(Register[[#This Row],[Asset Type]]<>"VHF",COUNTIFS(Register[Device Name / Code],Register[[#This Row],[Device Name / Code]],Register[Asset Type],Register[[#This Row],[Asset Type]])>1),"Duplicate name",""),IF(Register[[#This Row],[Location]]="","No location",""),IF(OR(Register[[#This Row],[Last Verified]]="",N(Register[[#This Row],[Days Since Verified]])>VerifyDays),"Verify due","")) -> No serial, No location, Verify due | U100: PC row 31
A101: PC-031 | B101: PC | C101: PC-COD-05 | L101: Ops | M101: In Use | Q101: =IF(Register[[#This Row],[Last Verified]]="","",TODAY()-Register[[#This Row],[Last Verified]]) | R101: =_xlfn.TEXTJOIN(", ",TRUE,IF(Register[[#This Row],[Serial / IMEI]]="","No serial",""),IF(AND(Register[[#This Row],[Serial / IMEI]]<>"",COUNTIF(Register[Serial / IMEI],Register[[#This Row],[Serial / IMEI]])>1),"Duplicate serial",""),IF(AND(Register[[#This Row],[Asset Type]]<>"VHF",COUNTIFS(Register[Device Name / Code],Register[[#This Row],[Device Name / Code]],Register[Asset Type],Register[[#This Row],[Asset Type]])>1),"Duplicate name",""),IF(Register[[#This Row],[Location]]="","No location",""),IF(OR(Register[[#This Row],[Last Verified]]="",N(Register[[#This Row],[Days Since Verified]])>VerifyDays),"Verify due","")) -> No serial, No location, Verify due | U101: PC row 32
...

Sheet Movement Log
A1: Movement & Repair Log
A2: Add one row per event (issue, return, transfer, repair, verification). Pick the Asset ID — device name and type fill in automatically. Then update Location/Status on the Asset Register.
A4: Date | B4: Asset ID | C4: Device Name | D4: Asset Type | E4: Action | F4: From | G4: To | H4: Assigned To | I4: Done By | J4: Notes | K4: Register Location Now
C5: =IF(MoveLog[[#This Row],[Asset ID]]="","",_xlfn.XLOOKUP(MoveLog[[#This Row],[Asset ID]],Register[Asset ID],Register[Device Name / Code],"Not found")) | D5: =IF(MoveLog[[#This Row],[Asset ID]]="","",_xlfn.XLOOKUP(MoveLog[[#This Row],[Asset ID]],Register[Asset ID],Register[Asset Type],"Not found")) | E5: Issue | K5: =IF(MoveLog[[#This Row],[Asset ID]]="","",_xlfn.XLOOKUP(MoveLog[[#This Row],[Asset ID]],Register[Asset ID],Register[Location],"")&"")

Sheet Lists
A1: Asset Type | B1: Status | C1: Location | D1: Log Action | E1: SIM Operator | F1: Settings
A2: Tablet 8" | B2: In Use | C2: COD | D2: Issue | E2: Dhiraagu 10GB | F2: Verify every (days) | G2: 90
A3: Tablet 10" | B3: In Stock | C3: Container Yard | D3: Return | E3: Dhiraagu 20GB | F3: Asset ID prefixes → | G3: TAB8 / TAB10 / PC / VHF / VHFU
A4: PC | B4: Under Repair | C4: Thilafushi | D4: Transfer | E4: Ooredoo 10GB
A5: VHF | B5: Damaged | C5: HMT | D5: Repair Out | E5: None
B6: Unverified | C6: Marine Craft | D6: Repair In
B7: Not in Use | C7: Yard Office | D7: Mark Damaged
B8: Disposed | C8: IT | D8: Verified
B9: Lost | C9: POD-MCH | D9: Dispose
C10: POD-HMT | D10: OS Update
C11: POD Office
C12: Gear Store
C13: Cargo Office
C14: MCD
C15: Office
C16: MCH
A17: Add new values at the bottom of each list — dropdowns pick them up automatically (blank rows are ignored).

Sheet Tab 8"
A2: TAB No. | B2: Opt | C2: IMEI | D2: Inventory Number | E2: Asset number | F2: Sim Number | G2: Shift | H2: Last OS update | I2: Remarks | J2: Repair
A3: Tab 1 | B3: Dhiraagu 10GB | C3: 350675291199268 | E3: MPL-CGO-OEQ-TBLT-00039 | G3: B Tallies | I3: At COD / Currently in use | K3: MPL14916
A4: Tab 2 | B4: Dhiraagu 10GB | C4: 350675291330186 | E4: MPL-CGO-OEQ-TBLT-00040 | G4: C Yard | I4: Container Yard (25.09.2022) | K4: MPL14915
A5: Tab 3 | B5: Dhiraagu 10GB | C5: 350675291332695 | E5: MPL-CGO-OEQ-TBLT-00041 | G5: C Tallies | H5: 31.1.2022 | I5: At COD / Currently in use | J5: Battery Replaced 11.12.2024 | K5: MPL14914
A6: Tab 4 | B6: Dhiraagu 10GB | C6: 350675291222482 | E6: MPL-CGO-OEQ-TBLT-00042 | G6: C Yard | I6: Container Yard (01.06.2021) | K6: MPL14913
A7: Tab 5 | B7: Dhiraagu 10GB | C7: 350675291334022 | E7: MPL-CGO-OEQ-TBLT-00043 | I7: Security for Thilafushi Ops | K7: MPL14912
A8: Tab 6 | B8: Dhiraagu 10GB | C8: 350675291228877 | E8: MPL-CGO-OEQ-TBLT-00044 | I8: Use in HMT(sent on 23.05.2021) | K8: MPL14911
A9: Tab 7 | B9: Dhiraagu 10GB | C9: 350675291228992 | E9: MPL-CGO-OEQ-TBLT-00045 | I9: Use in HMT(sent on 23.05.2021) | K9: MPL14910
A10: Tab 8 | B10: Dhiraagu 10GB | C10: 350675291331135 | E10: MPL-CGO-OEQ-TBLT-00046 | G10: A Tallies | I10: At COD / Currently in use | K10: MPL14909
A11: Tab 9 | B11: Dhiraagu 10GB | C11: 350675291329451 | E11: MPL-CGO-OEQ-TBLT-00047 | G11: A Tallies | I11: At COD / Currently in use | K11: MPL14908
A12: Tab 10 | B12: Dhiraagu 10GB | C12: 350675291331085 | E12: MPL-CGO-OEQ-TBLT-00048 | I12: Yard Office (21.04.2021) | K12: MPL14907
A13: Tab 11 | B13: Dhiraagu 10GB | C13: 350675291228844 | E13: MPL-CGO-OEQ-TBLT-00051 | G13: B Tallies | I13: At COD / Currently in use | K13: MPL14906
A14: Tab 12 | B14: Dhiraagu 10GB | C14: 350675291332265 | E14: MPL-CGO-OEQ-TBLT-00052 | I14: At IT (Tab back light issue) - Given to IT for Repair | K14: MPL14905
A15: Tab 13 | B15: Dhiraagu 10GB | C15: 350675291222417 | E15: MPL-CGO-OEQ-TBLT-00053 | G15: HMT (13.03.2025) | H15: 31.1.2022 | I15: At COD / Currently in use, HMT 13.03.2025 | K15: MPL14904
A16: Tab 14 | B16: Dhiraagu 10GB | C16: 350675291222318 | E16: MPL-CGO-OEQ-TBLT-00050 | I16: At IT (Tab back light issue) - Given to IT for Repair | K16: MPL14903
A17: Tab 15 | B17: Dhiraagu 10GB | C17: 350675291222557 | E17: MPL-CGO-OEQ-TBLT-00049 | G17: B Tallies | I17: At COD / Currently in use | K17: MPL14902
A18: Tab 16 | B18: Dhiraagu 10GB | C18: 350675292375321 | D18: MPL12613 | E18: MPL-CGO-OEQ-TBLT-00064 | K18: MPL12607
A19: Tab 17 | B19: Dhiraagu 10GB | C19: 350675292372179 | D19: MPL12621 | E19: MPL-CGO-OEQ-TBLT-00072 | K19: MPL12608
A20: Tab 18 | B20: Dhiraagu 10GB | C20: 350675292375511 | D20: MPL12616 | E20: MPL-CGO-OEQ-TBLT-00067 | K20: MPL12609
A21: Tab 19 | B21: Dhiraagu 10GB | C21: 350675292374688 | D21: MPL12619 | E21: MPL-CGO-OEQ-TBLT-00070 | K21: MPL12610
A22: Tab 20 | B22: Dhiraagu 10GB | C22: 350675292367104 | D22: MPL12628 | E22: MPL-CGO-OEQ-TBLT-00079 | G22: C Tallies | H22: 31.1.2022 | I22: At COD / Currently in use | J22: Battery Replaced 11.12.2024 | K22: MPL12611
A23: Tab 21 | B23: Dhiraagu 10GB | C23: 350675292372864 | D23: MPL12627 | E23: MPL-CGO-OEQ-TBLT-00078 | G23: B Tallies | I23: At COD / Currently in use | K23: MPL12612
A24: Tab 22 | B24: Dhiraagu 10GB | C24: 350675292371312 | D24: MPL12629 | E24: MPL-CGO-OEQ-TBLT-00080 | G24: C Tallies | H24: 31.1.2022 | I24: At COD / Currently in use | J24: Battery Replaced 11.12.2024 | K24: MPL12613
A25: Tab 23 | B25: Dhiraagu 10GB | C25: 350675292370603 | D25: MPL12612 | E25: MPL-CGO-OEQ-TBLT-00063 | G25: A Tallies | I25: At COD / Currently in use | J25: Battery Replaced 11.12.2024 | K25: MPL12614
A26: Tab 24 | B26: Dhiraagu 10GB | C26: 350675292372005 | D26: MPL12611 | E26: MPL-CGO-OEQ-TBLT-00062 | G26: HMT (13.03.2025) | I26: HMT 13.03.2025 | K26: MPL12615
A27: Tab 25 | B27: Dhiraagu 10GB | C27: 350675292361289 | D27: MPL12631 | E27: MPL-CGO-OEQ-TBLT-00082 | G27: A Tallies | I27: At COD / Currently in use, | J27: Battery Replaced 11.12.2024 | K27: MPL12616
A28: Tab 26 | B28: Dhiraagu 10GB | C28: 350675292378515 | D28: MPL12614 | E28: MPL-CGO-OEQ-TBLT-00065 | G28: B Tallies | I28: At COD / Currently in use | K28: MPL12617
A29: Tab 27 | B29: Dhiraagu 10GB | C29: 350675292377301 | D29: MPL12622 | E29: MPL-CGO-OEQ-TBLT-00073 | K29: MPL12618
A30: Tab 28 | B30: Dhiraagu 10GB | C30: 350675292373656 | D30: MPL12623 | E30: MPL-CGO-OEQ-TBLT-00074 | K30: MPL12619
A31: Tab 29 | B31: Dhiraagu 10GB | C31: 350675292369043 | D31: MPL12615 | E31: MPL-CGO-OEQ-TBLT-00066 | K31: MPL12620
A32: Tab 30 | B32: Dhiraagu 10GB | C32: 350675292372658 | D32: MPL12618 | E32: MPL-CGO-OEQ-TBLT-00069 | F32: 1589 7592 | G32: C Yard | I32: Container Yard (25.09.2022) | K32: MPL12621
A33: Tab 31 | B33: Ooredoo 10GB | C33: 350675292374803 | D33: MPL12624 | E33: MPL-CGO-OEQ-TBLT-00075 | I33: Use in HMT(sent on 09.12.2021) | K33: MPL12622
A34: Tab 32 | B34: Ooredoo 10GB | C34: 350675292376444 | D34: MPL12626 | E34: MPL-CGO-OEQ-TBLT-00077 | I34: Use in HMT(sent on 09.12.2021) | K34: MPL12623
A35: Tab 33 | B35: Ooredoo 10GB | C35: 350675292384000 | D35: MPL12610 | E35: MPL-CGO-OEQ-TBLT-00061 | I35: Marine Craft - Raazy | K35: MPL12625
A36: Tab 34 | B36: Ooredoo 10GB | C36: 350675292367732 | D36: MPL12620 | E36: MPL-CGO-OEQ-TBLT-00071 | I36: Marine Craft - Raazy | K36: MPL12627
A37: Tab 35 | B37: Ooredoo 10GB | C37: 350675292373540 | D37: MPL12617 | E37: MPL-CGO-OEQ-TBLT-00068 | I37: Marine Craft - Raazy | K37: MPL12628
A38: Tab 36 | B38: Ooredoo 10GB | C38: 350675292367625 | D38: MPL12633 | E38: MPL-CGO-OEQ-TBLT-00084 | I38: Marine Craft - Raazy | K38: MPL12629
A39: Tab 37 | B39: Ooredoo 10GB | C39: 350675292372369 | D39: MPL12630 | E39: MPL-CGO-OEQ-TBLT-00081 | I39: Marine Craft - Raazy | K39: MPL12630
A40: Tab 38 | B40: Ooredoo 10GB | C40: 350675292367831 | D40: MPL12625 | E40: MPL-CGO-OEQ-TBLT-00076 | G40: C Tallies | H40: 31.1.2022 | I40: At COD / Currently in use | J40: Battery Replaced 11.12.2024 | K40: MPL12631
A41: Tab 39 | B41: Ooredoo 10GB | C41: 350675292372237 | D41: MPL12632 | E41: MPL-CGO-OEQ-TBLT-00083 | G41: C Tallies | H41: 31.1.2022 | I41: At COD / Currently in use | J41: Battery Replaced 11.12.2024 | K41: MPL12632
A42: Tab 40 | B42: Ooredoo 10GB | C42: 350675292367609 | D42: MPL12609 | E42: MPL-CGO-OEQ-TBLT-00060 | G42: C Tallies | H42: 31.1.2022 | I42: At COD / Currently in use | K42: MPL12633
A43: Tab 41 | B43: Ooredoo 10GB | C43: 350675292330276 | D43: MPL12607 | E43: MPL-CGO-OEQ-TBLT-00058 | G43: B Tallies | H43: 31.1.2022 | I43: At COD / Currently in use | K43: MPL12634
A44: Tab 42 | B44: Ooredoo 10GB | C44: 350675292366171 | D44: MPL12636 | E44: MPL-CGO-OEQ-TBLT-00087 | G44: B Tallies | H44: 31.1.2022 | I44: At COD / Currently in use | K44: MPL12635
A45: Tab 43 | B45: Ooredoo 10GB | C45: 350675292365785 | D45: MPL12635 | E45: MPL-CGO-OEQ-TBLT-00086 | G45: A Tallies | I45: At COD / Currently in use | J45: Battery Replaced 11.12.2024 | K45: MPL12636
A46: Tab 44 | B46: Ooredoo 10GB | C46: 350675292377137 | D46: MPL12608 | E46: MPL-CGO-OEQ-TBLT-00059 | G46: A Tallies | I46: At COD / Currently in use | J46: Battery Replaced 11.12.2024
A47: Tab 45 | B47: Ooredoo 10GB | C47: 350675292371395 | D47: MPL12634 | E47: MPL-CGO-OEQ-TBLT-00085 | G47: A Tallies | I47: At COD / Currently in use | J47: Battery Replaced 11.12.2024
A48: ITD-TAB001 | C48: 357384190325461 | D48: ITDTAB0035 | G48: C Tallies - 13.03.2025 | I48: At COD / Currently in use
B52: A Tallies
B53: B Tallies
B54: C Tallies
B55: Container Yard | G55: HMT (13.03.2025)
B56: Use in HMT
B57: Marine Craft
B58: Damaged

Sheet Tab 10"
A2: # | B2: TAB No. | C2: Opt | D2: Sim No. | E2: IMEI | F2: Inventory Number | G2: Asset number | H2: Location | I2: Last OS update | J2: Remarks | K2: Repair
A3: 11 | B3: COD TAB032 | C3: Dhiraagu 10GB | D3: 1675 4957 | E3: 356904752482896 | F3: MPL21845 | H3: B
A4: 1 | B4: COD TAB033 | C4: Dhiraagu 20GB | E4: 356904752487127 | F4: MPL21833 | H4: C-Yard | J4: 11.02.2026
A5: 15 | B5: COD TAB034 | C5: Dhiraagu 10GB | D5: 1675 4958 | E5: 356904751788400 | F5: MPL21834 | H5: C
A6: 12 | B6: COD TAB035 | C6: Dhiraagu 10GB | D6: 1675 4955 | E6: 356904852486251 | F6: MPL21835 | H6: C
A7: 2 | B7: COD TAB036 | C7: Dhiraagu 20GB | E7: 356904752488133 | F7: MPL21836 | H7: C-Yard | J7: 14.03.2026
A8: 8 | B8: COD TAB037 | C8: Dhiraagu 10GB | D8: 1675 4956 | E8: 356904752488083 | F8: MPL21837 | H8: B
A9: 20 | B9: COD TAB038 | C9: Dhiraagu 10GB | D9: 1654 6458 | E9: 356904752488737 | F9: MPL21842 | H9: C - 07.07.2026 | J9: Received without Charger
A10: 9 | B10: COD TAB039 | C10: Dhiraagu 10GB | D10: 1675 4961 | E10: 356904752477680 | F10: MPL21839 | H10: C
A11: 3 | B11: COD TAB040 | C11: Dhiraagu 20GB | E11: 356904752478043 | F11: MPL21840 | H11: HMT - 31.05.25
A12: 7 | B12: COD TAB041 | C12: Dhiraagu 10GB | D12: 1675 4963 | E12: 356904752488901 | F12: MPL21841 | H12: A
A13: 19 | B13: COD TAB042 | C13: Dhiraagu 10GB | D13: 1654 6160 | H13: C - 07.07.2026 | J13: Received without Charger
A14: 16 | B14: COD TAB043 | C14: Dhiraagu 10GB | E14: 356904751791669 | F14: MPL21843 | H14: HMT - 31.05.25
A15: 14 | B15: COD TAB044 | C15: Dhiraagu 10GB | D15: 1675 4959 | E15: 356904752486376 | F15: MPL21844 | H15: B
A16: 4 | B16: COD TAB045 | C16: Dhiraagu 20GB | E16: 356904751810964 | F16: MPL21847 | H16: HMT - 31.05.25
A17: 5 | B17: COD TAB046 | C17: Dhiraagu 20GB | D17: 1603 4966 | E17: 356904752484454 | F17: MPL21846 | H17: C-Yard
A18: 6 | B18: COD TAB047 | C18: Dhiraagu 20GB | D18: 1603 4964 | E18: 356904751785794 | F18: MPL21852 | H18: C-Yard
A19: 17 | B19: COD TAB048 | C19: Dhiraagu 10GB | E19: 356904752482599 | F19: MPL21848 | H19: HMT - 31.05.25
A20: 18 | B20: COD TAB049 | C20: Dhiraagu 10GB | D20: 1675 4954 | E20: 356904752484165 | F20: MPL21849 | H20: C-Yard - Thilafushi | J20: 25.4.2026
A21: 13 | B21: COD TAB050 | C21: Dhiraagu 10GB | D21: 1675 4953 | E21: 356904752481096 | F21: MPL21850 | H21: A
A22: 10 | B22: COD TAB051 | C22: Dhiraagu 10GB | D22: 1675 4962 | E22: 356904750632443 | F22: MPL21851 | H22: A
E26: 3
E27: 7
E28: 7
E29: 7

Sheet PC
A1: # | B1: PC NAME | C1: Inventoy Number | D1: Asset number | E1: Number of Monitors | F1: Location (Office/Yard) | G1: In use (Yard IC/Formans/Tally/Stevedore/Ops mathi) | H1: Recivied Date | I1: Remarks
A2: 1 | B2: PC-CODS-05 | G2: Forman
A3: 2 | B3: PC-COD-40 | E3: 2 | G3: Ground D-Inch
A4: 3 | B4: PC-CODS-16 | G4: Gear (Fayabe)
A5: 4 | B5: CODS-10 | G5: Non Use | I5: Old One
A6: 5 | B6: PC-COD-44 | G6: Container Yard Sup
A7: 6 | B7: PC-CODS-10 | G7: Container Yard Sup
A8: 7 | B8: PC-CODS-03 | G8: Container Yard Inch
A9: 8 | B9: CODS-O2 | G9: Admin
A10: 9 | B10: PC-COD-45 | G10: Admin (Sithu)
A11: 10 | B11: PC-COD-43 | E11: 2 | G11: Groun Yard Inch
A12: 11 | B12: PC-COD-43 | G12: Bandu Moosa
A13: 12 | B13: PC-COD-54 | G13: Shuhaam
A14: 13 | B14: PC-COD-27 | E14: 2 | G14: Telly Inch
A15: 14 | B15: CODS-O1 | G15: Labours
A16: 15 | B16: PC-COD-41 | G16: Shantte
A17: 16 | B17: CODS-11 | G17: Fazeel
A18: 17 | B18: CODS-O9 | G18: Thithibe
A19: 18 | B19: PC-COD-38 | G19: Megu
A20: 19 | B20: COD-21 | G20: Tally
A21: 20 | B21: PC-POD-46 | G21: Ops (New)
A22: 21 | B22: PC-POD-47 | D22: =PROPER(Table3[[#This Row],[Inventoy Number]]) | G22: Ops (New)
A23: 22 | B23: PC-POD-48 | D23: =PROPER(Table3[[#This Row],[Inventoy Number]])
A24: 23 | B24: PC-POD-49 | D24: =PROPER(Table3[[#This Row],[Inventoy Number]]) | G24: Shihaan (New)
A25: 24 | B25: PC-POD-50 | D25: =PROPER(Table3[[#This Row],[Inventoy Number]]) | G25: Shafraz (New)
A26: 25 | B26: PC-POD-51 | D26: =PROPER(Table3[[#This Row],[Inventoy Number]]) | G26: Shiyam / Nihaz / Abdullah (New)
A27: 26 | B27: PC-POD-52 | D27: =PROPER(Table3[[#This Row],[Inventoy Number]])
A28: 27 | B28: PC-POD-53 | D28: =PROPER(Table3[[#This Row],[Inventoy Number]]) | G28: Ops Support (New)
A29: 28 | B29: PC-POD-54 | D29: =PROPER(Table3[[#This Row],[Inventoy Number]]) | G29: Shuhaam (New)
A30: 29 | B30: PC-POD-55 | D30: =PROPER(Table3[[#This Row],[Inventoy Number]]) | G30: Fazeel (New)
A31: 30 | B31: PC-COD-16 | D31: =PROPER(Table3[[#This Row],[Inventoy Number]]) | G31: Ops
A32: 31 | B32: PC-COD-05 | D32: =PROPER(Table3[[#This Row],[Inventoy Number]]) | G32: Ops
A33: 32 | B33: PC-POD-44 | D33: =PROPER(Table3[[#This Row],[Inventoy Number]]) | G33: Ops
A34: 33 | B34: PC-COD-06 | D34: =PROPER(Table3[[#This Row],[Inventoy Number]]) | G34: Ops
A35: 34 | B35: PC-COD-36 | D35: =PROPER(Table3[[#This Row],[Inventoy Number]]) | G35: Ops
A36: 35 | B36: PC-COD-22 | D36: =PROPER(Table3[[#This Row],[Inventoy Number]]) | G36: Ops IC
A37: 36 | B37: PC-COD-31 | D37: =PROPER(Table3[[#This Row],[Inventoy Number]]) | G37: Ops
A38: 37 | B38: PC-COD-28 | D38: =PROPER(Table3[[#This Row],[Inventoy Number]]) | G38: Shafraz
A39: 38 | B39: PC-COD-42 | D39: =PROPER(Table3[[#This Row],[Inventoy Number]]) | G39: Shiyam / Nihaz / Abdullah
... A50: 49 | B50: PC-POD-45 | D50: =PROPER(Table3[[#This Row],[Inventoy Number]]) | G50: Visham

Sheet VHF
K1: Unknown
A2: # | B2: LOCAL CODE | C2: MPL CODE | D2: BRAND | E2: SERIAL NO | F2: UNIT | G2: MCH/ HIT | L2: SERIALNO | M2: LOCAL CODE | N2: MPLCODE | O2: BRAND | P2: UNIT
A3: 1 | B3: MPL-CGO-OEQ-VHFS-00682 | C3: MPL12967 | D3: MOTROLA | E3: 752TXFV269 | F3: A shift | G3: POD-MCH | K3: 1 | L3: 546TURB655 | N3: MPL11511 | O3: MOTROLA | P3: Office
A4: 2 | B4: MPL-CGO-OEQ-VHFS-00683 | C4: MPL12968 | D4: MOTROLA | E4: 752TXFF928 | F4: A shift | G4: POD-MCH | K4: 2 | L4: 546TURB954 | N4: MPL11512 | O4: MOTROLA | P4: Office
A5: 3 | B5: MPL-CGO-OEQ-VHFS-00684 | C5: MPL12969 | D5: MOTROLA | E5: 752TXFF492 | F5: A shift | G5: POD-MCH | K5: 4 | L5: 752TUM3432 | N5: MPL06652 | O5: MOTROLA | P5: A
A6: 4 | B6: MPL-CGO-OEQ-VHFS-00685 | C6: MPL12970 | D6: MOTROLA | E6: 752TXFF667 | F6: A shift | G6: POD-MCH | K6: 5 | L6: 752TUM3639 | N6: MPL06654 | O6: MOTROLA | P6: A
A7: 5 | B7: MPL-CGO-OEQ-VHFS-00686 | C7: MPL12971 | D7: MOTROLA | E7: 752TXFF613 | F7: A shift | G7: POD-MCH | K7: 7 | L7: 752TUM3497 | N7: MPL06657 | O7: MOTROLA | P7: A
A8: 6 | B8: MPL-CGO-OEQ-VHFS-00687 | C8: MPL12972 | D8: MOTROLA | E8: 752TXFV213 | F8: A shift | G8: POD-MCH | K8: 8 | L8: 752TUM3530 | N8: MPL06658 | O8: MOTROLA | P8: A
A9: 7 | B9: MPL-CGO-OEQ-VHFS-00689 | C9: MPL12974 | D9: MOTROLA | E9: 752TXFF844 | F9: A shift | G9: POD-MCH | K9: 10 | L9: 672TNWM778 | N9: MPL07206 | O9: MOTROLA | P9: A
A10: 8 | B10: MPL-CGO-OEQ-VHFS- 00718 | C10: MPL13003 | D10: MOTROLA | E10: 752TXFF784 | F10: A shift | G10: POD-MCH | K10: 11 | L10: 546TUR8565 | O10: MOTROLA | P10: A
A11: 9 | B11: MPL-CGO-OEQ-VHFS- 00720 | C11: MPL13005 | D11: MOTROLA | E11: 752TXFF773 | F11: A shift | G11: POD-MCH | K11: 12 | L11: 546TUR8561 | O11: MOTROLA | P11: A
A12: 10 | B12: MPL-CGO-OEQ-VHFS- 00727 | C12: MPL13012 | D12: MOTROLA | E12: 752TXFF412 | F12: A shift | G12: POD-MCH | K12: 13 | L12: 546TUR8591 | O12: MOTROLA | P12: A
A13: 11 | B13: MPL-CGO-OEQ-VHFS- 00729 | C13: MPL13014 | D13: MOTROLA | E13: 752TXFF938 | F13: A shift | G13: POD-MCH | K13: 14 | L13: 546TUR8583 | O13: MOTROLA | P13: A
A14: 12 | B14: MPL-CGO-OEQ-VHFS- 00734 | C14: MPL13019 | D14: MOTROLA | E14: 752TXFF918 | F14: A shift | G14: POD-MCH | K14: 15 | L14: 546TUR8667 | O14: MOTROLA | P14: A
A15: 13 | B15: MALE-COL-COG-NA-NA | C15: MPL14890 | D15: VHF SETS (MOTROLA - XIR P3688 | E15: 752EZKC888 | F15: A shift | G15: POD-MCH | K15: 16 | L15: 546TUR8640 | O15: MOTROLA | P15: A
A16: 14 | B16: MALE-COL-COG-NA-NA | C16: MPL14896 | D16: VHF SETS (MOTROLA - XIR P3688 | E16: 752EZKC819 | F16: A shift | G16: POD-MCH | K16: 17 | L16: 546TUR8634 | O16: MOTROLA | P16: A
A17: 15 | D17: MOTOROLA | E17: 752TUM3420 | F17: A shift | G17: POD-MCH | K17: 18 | L17: 546TURB556 | O17: MOTROLA | P17: B
A18: 16 | B18: MPL-CGO-OEQ-VHFS-00691 | C18: MPL12976 | D18: MOTROLA | E18: 752TXFF526 | F18: B shift | G18: POD-MCH | K18: 19 | L18: 546TURB605 | O18: MOTROLA | P18: B
A19: 17 | B19: MPL-CGO-OEQ-VHFS-00692 | C19: MPL12977 | D19: MOTROLA | E19: 752TXFF607 | F19: B shift | G19: POD-MCH | K19: 20 | L19: 546TURB558 | O19: MOTROLA | P19: B
A20: 18 | B20: MPL-CGO-OEQ-VHFS-00693 | C20: MPL12978 | D20: MOTROLA | E20: 752TXFF742 | F20: B shift | G20: POD-MCH | K20: 21 | L20: 546TURB649 | O20: MOTROLA | P20: B
A21: 19 | B21: MPL-CGO-OEQ-VHFS-00695 | C21: MPL12980 | D21: MOTROLA | E21: 752TXFV184 | F21: B shift | G21: POD-MCH | K21: 22 | L21: 7064PDG08 | N21: MPL11929 | O21: MOTROLA | P21: B
A22: 20 | B22: MPL-CGO-OEQ-VHFS-00697 | C22: MPL12982 | D22: MOTROLA | E22: 752TXFV207 | F22: B shift | G22: POD-MCH | K22: 23 | L22: 672TGZ9845 | N22: MPL11930 | O22: MOTROLA | P22: B
A23: 21 | B23: MPL-CGO-OEQ-VHFS- 00714 | C23: MPL12999 | D23: MOTROLA | E23: 752TXFF709 | F23: B shift | G23: POD-MCH | K23: 25 | L23: 752TUM3556 | N23: MPL06667 | O23: MOTROLA | P23: B
A24: 22 | B24: MPL-CGO-OEQ-VHFS- 00715 | C24: MPL13000 | D24: MOTROLA | E24: 752TXFF898 | F24: B shift | G24: POD-MCH | K24: 27 | L24: 752TUM2947 | N24: MPL06664 | O24: MOTROLA | P24: B
A25: 23 | B25: MPL-CGO-OEQ-VHFS- 00716 | C25: MPL13001 | D25: MOTROLA | E25: 752TXFF856 | F25: B shift | G25: POD-MCH | K25: 28 | L25: 752TUM2902 | N25: MPL06662 | O25: MOTROLA | P25: B
A26: 24 | B26: MALE-COL-COG-NA-NA | C26: MPL14898 | D26: VHF SETS (MOTROLA - XIR P3688 | E26: 752EZKC778 | F26: B shift | G26: POD-MCH | K26: 29 | L26: 752TUM2956 | N26: MPL06666 | O26: MOTROLA | P26: B
A27: 25 | B27: MALE-COL-COG-NA-NA | C27: MPL14894 | D27: VHF SETS (MOTROLA - XIR P3688 | E27: 752EZKC844 | F27: B shift | G27: POD-MCH | K27: 31 | L27: WPLN4137BR | N27: MPL06665 | O27: MOTROLA | P27: B
A28: 26 | B28: MALE-COL-COG-NA-NA | C28: MPL14889 | D28: VHF SETS (MOTROLA - XIR P3688 | E28: 752EZKC970 | F28: B shift | G28: POD-MCH | K28: 32 | L28: WPLN4137BR | N28: MPL06663 | O28: MOTROLA | P28: B
A29: 27 | D29: MOTOROLA | E29: 752TUM2786 | F29: B shift | G29: POD-MCH | K29: 34 | L29: 546TUR8643 | O29: MOTROLA | P29: C
A30: 28 | D30: MOTOROLA | E30: 752TUM2784 | F30: B shift | G30: POD-MCH | K30: 35 | L30: 752TUM3390 | N30: MPL06651 | O30: MOTROLA | P30: C
A31: 29 | D31: MOTOROLA | E31: 752TUM3568 | F31: B shift | G31: POD-MCH | K31: 36 | L31: 752TUM2775 | N31: MPL06674 | O31: MOTROLA | P31: C
A32: 30 | D32: MOTOROLA | E32: 752TUM2705 | F32: B shift | G32: POD-MCH | K32: 37 | L32: 752TUM2722 | N32: MPL06673 | O32: MOTROLA | P32: C
A33: 31 | B33: MPL-CGO-OEQ-VHFS-00698 | C33: MPL12983 | D33: MOTROLA | E33: 752TXFF733 | F33: C shift | G33: POD-MCH | K33: 39 | L33: 752TUM2709 | N33: MPL06672 | O33: MOTROLA | P33: C
A34: 32 | B34: MPL-CGO-OEQ-VHFS- 00700 | C34: MPL12985 | D34: MOTROLA | E34: 752TXFF935 | F34: C shift | G34: POD-MCH | K34: 41 | L34: 546TUR8566 | O34: MOTROLA | P34: C
A35: 33 | B35: MPL-CGO-OEQ-VHFS- 00701 | C35: MPL12986 | D35: MOTROLA | E35: 752TXFF746 | F35: C shift | G35: POD-MCH | K35: 42 | L35: 546TUR8564 | O35: MOTROLA | P35: C
A36: 34 | B36: MPL-CGO-OEQ-VHFS- 00702 | C36: MPL12987 | D36: MOTROLA | E36: 752TXFV160 | F36: C shift | G36: POD-MCH | K36: 43 | L36: 546TSK2244 | O36: MOTROLA | P36: C
A37: 35 | B37: MPL-CGO-OEQ-VHFS- 00703 | C37: MPL12988 | D37: MOTROLA | E37: 752TXFU891 | F37: C shift | G37: POD-MCH | K37: 45 | L37: 752TUM2941 | N37: MPL06676 | O37: MOTROLA | P37: C
A38: 36 | B38: MPL-CGO-OEQ-VHFS- 00704 | C38: MPL12989 | D38: MOTROLA | E38: 752TVHM460 | F38: C shift | G38: POD-MCH | K38: 17 | L38: 752TXFF880 | M38: MPL-CGO-OEQ-VHFS-00688 | N38: MPL12973 | O38: MOTROLA | P38: COD
A39: 37 | B39: MPL-CGO-OEQ-VHFS- 00705 | C39: MPL12990 | D39: MOTROLA | E39: 752TUM3227 | F39: C shift | G39: POD-MCH | K39: 23 | L39: 752TXFF897 | M39: MPL-CGO-OEQ-VHFS-00694 | N39: MPL12979 | O39: MOTROLA | P39: COD
A40: 38 | B40: MPL-CGO-OEQ-VHFS- 00723 | C40: MPL13008 | D40: MOTROLA | E40: 752TXFF640 | F40: C shift | G40: POD-MCH | K40: 25 | L40: 752TXFF638 | M40: MPL-CGO-OEQ-VHFS-00696 | N40: MPL12981 | O40: MOTROLA | P40: COD
A41: 39 | B41: MPL-CGO-OEQ-VHFS- 00724 | C41: MPL13009 | D41: MOTROLA | E41: 752TXFF554 | F41: C shift | G41: POD-MCH | K41: 28 | L41: 752TXFV137 | M41: MPL-CGO-OEQ-VHFS-00699 | N41: MPL12984 | O41: MOTROLA | P41: COD
A42: 40 | B42: MPL-CGO-OEQ-VHFS- 00725 | C42: MPL13010 | D42: MOTROLA | E42: 752TXFF408 | F42: C shift | G42: POD-MCH | K42: 35 | L42: 752TXFU909 | M42: MPL-CGO-OEQ-VHFS- 00706 | N42: MPL12991 | O42: MOTROLA | P42: Tally
A43: 41 | B43: MPL-CGO-OEQ-VHFS- 00726 | C43: MPL13011 | D43: MOTROLA | E43: 752TXFF439 | F43: C shift | G43: POD-MCH | K43: 36 | L43: 752TXFF671 | M43: MPL-CGO-OEQ-VHFS- 00707 | N43: MPL12992 | O43: MOTROLA | P43: COD- CY
A44: 42 | B44: MALE-COL-COG-NA-NA | C44: MPL14893 | D44: VHF SETS (MOTROLA - XIR P3688 | E44: 752EZKC846 | F44: C shift | G44: POD-MCH | K44: 37 | L44: 752TXFV052 | M44: MPL-CGO-OEQ-VHFS- 00708 | N44: MPL12993 | O44: MOTROLA | P44: COD- CY
A45: 43 | D45: MOTOROLA | E45: 752E2KC828 | F45: C shift | G45: POD-MCH | K45: 46 | L45: 752TXFF769 | M45: MPL-CGO-OEQ-VHFS- 00717 | N45: MPL13002 | O45: MOTROLA
A46: 44 | D46: MOTOROLA | E46: 546TSK6264 | F46: C shift | G46: POD-MCH | K46: 48 | L46: 752TXFF653 | M46: MPL-CGO-OEQ-VHFS- 00719 | N46: MPL13004 | O46: MOTROLA
A47: 45 | D47: MOTOROLA | E47: 546TUR8553 | F47: C shift | G47: POD-MCH | K47: 50 | L47: 752TXFF870 | M47: MPL-CGO-OEQ-VHFS- 00721 | N47: MPL13006 | O47: MOTROLA
A48: 46 | D48: MOTOROLA | E48: 546TURB643 | F48: C shift | G48: POD-MCH | K48: 51 | L48: 752TXFF645 | M48: MPL-CGO-OEQ-VHFS- 00722 | N48: MPL13007 | O48: MOTROLA | P48: C Shift
A49: 47 | B49: MPL-CGO-OEQ-VHFS-00690 | C49: MPL12975 | D49: MOTROLA | E49: 752TXFF921 | F49: Damaged | G49: POD-MCH | K49: 57 | L49: 752TXFF543 | M49: MPL-CGO-OEQ-VHFS- 00728 | N49: MPL13013 | O49: MOTROLA
A50: 48 | D50: VHF SETS (MOTROLA - XIR P3688 | E50: 546TURB565 | F50: Damaged | G50: POD-MCH | K50: 59 | L50: 752TXFF440 | M50: MPL-CGO-OEQ-VHFS- 00730 | N50: MPL13015 | O50: MOTROLA
A51: 49 | D51: MOTOROLA | E51: 546TSK5993 | F51: Damaged | G51: POD-MCH | K51: 61 | L51: 752TXFF924 | M51: MPL-CGO-OEQ-VHFS- 00732 | N51: MPL13017 | O51: MOTROLA
A52: 50 | D52: MOTOROLA | E52: 546TURB583 | F52: Damaged | G52: POD-MCH | K52: 64 | L52: 752TXFF548 | M52: MPL-CGO-OEQ-VHFS- 00735 | N52: MPL13020 | O52: MOTROLA
A53: 51 | D53: MOTOROLA | E53: 546TURB591 | F53: Damaged | G53: POD-MCH | M53: MALE-COL-COG-NA-NA | N53: MPL14897 | O53: VHF SETS (MOTROLA - XIR P3688
A54: 52 | D54: MOTOROLA | E54: 546TURB561 | F54: Damaged | G54: POD-MCH | M54: MALE-COL-COG-NA-NA | N54: MPL14895 | O54: VHF SETS (MOTROLA - XIR P3688
A55: 53 | D55: MOTOROLA | E55: 546TURB555 | F55: Damaged | G55: POD-MCH | M55: MALE-COL-COG-NA-NA | N55: MPL14892 | O55: VHF SETS (MOTROLA - XIR P3688
A56: 54 | B56: MPL-CGO-OEQ-VHFS- 00731 | C56: MPL13016 | D56: MOTROLA | E56: 752TXFH243 | F56: Gear Store | G56: POD-MCH | M56: MALE-COL-COG-NA-NA | N56: MPL14891 | O56: VHF SETS (MOTROLA - XIR P3688
A57: 55 | D57: MOTOROLA | E57: 752TXFF582 | F57: HMT | G57: POD-HMT | M57: MALE-COL-COG-NA-NA | N57: MPL14873 | O57: VHF SETS (MOTROLA - XIR P3688
A58: 56 | D58: MOTOROLA | E58: 752TXFF652 | F58: HMT | G58: POD-HMT | L58: 672TGH5679 | N58: MPL07198 | O58: MOTROLA
A59: 57 | D59: MOTOROLA | E59: 752TXFF655 | F59: HMT | G59: POD-HMT | L59: 672TGG9517 | N59: MPL07185 | O59: MOTROLA
A60: 58 | D60: MOTOROLA | E60: 752TXFF469 | F60: HMT | G60: POD-HMT | L60: 672TGG9515 | M60: MPL-CGO-OEQ-VHFS-00272 | N60: MPL0713
A61: 59 | D61: MOTOROLA | E61: 752TVKX258 | F61: HMT | G61: POD-HMT | L61: 672TGG9519 | M61: MPL-CGO-OEQ-VHFS-00208 | N61: MPL07178 | O61: MOTROLA | P61: CONTAINER YARD
A62: 60 | D62: MOTOROLA | E62: 752TUM3357 | F62: HMT | G62: POD-HMT | L62: 672QJ9443 | N62: MPL07362 | O62: MOTROLA
A63: 61 | D63: MOTOROLA | E63: 752TXFF454 | F63: HMT | G63: POD-HMT | L63: 672TGG956 | O63: MOTROLA
A64: 62 | D64: MOTOROLA | E64: 752TXT9838 | F64: HMT | G64: POD-HMT | L64: 672TJS9991 | M64: MPA-CGO-OEQ-VHFS-093 | P64: CARGO OFFICE
A65: 63 | D65: MOTOROLA | E65: MPL06652 | F65: HMT | G65: POD-HMT | L65: 672TGH5717 | M65: MPA-CGO-OEQ-VHFS-00335 | N65: MPL07175
A66: 64 | D66: MOTOROLA | E66: MPL03742 | F66: HMT | G66: POD-HMT | L66: 672TGSF614 | M66: MPA-CLN-OEQ-VHFS-0091
A67: 65 | B67: MALE-COL-COG-NA-NA | C67: MPL14871 | D67: VHF SETS (MOTROLA - XIR P3688 | E67: 752EZMJ742 | F67: HMT | G67: POD-MCH | L67: 672TQ9465 | M67: MPA-CGO-OEQ-VHFS-00271 | N67: MPL07186
A68: 66 | B68: MALE-COL-COG-NA-NA | C68: MPL14888 | D68: VHF SETS (MOTROLA - XIR P3688 | E68: 752EZKC971 | F68: In stock | G68: POD-MCH - Damaged clicker | L68: 682TGH5694 | M68: MPA-CGO-OEQ-VHFS-00326
A69: 67 | B69: MALE-COL-COG-NA-NA | C69: MPL14887 | D69: VHF SETS (MOTROLA - XIR P3688 | E69: 752EZKC974 | F69: C-Shift - 14.06.25 | G69: POD-MCH | L69: 682TGH5666 | M69: MPA-CGO-OEQ-VHFS-00337 | N69: MPL02696 | P69: COD 17/12
A70: 68 | B70: MALE-COL-COG-NA-NA | C70: MPL14886 | D70: VHF SETS (MOTROLA - XIR P3688 | E70: 752EZKC999 | F70: C-Shift - 14.06.25 | G70: POD-MCH | L70: 672TGZ9826 | N70: MPL07197
A71: 69 | B71: MALE-COL-COG-NA-NA | C71: MPL14885 | D71: VHF SETS (MOTROLA - XIR P3688 | E71: 752EZKD007 | F71: In stock | G71: POD-MCH | L71: 672TGZ9852 | M71: MPA-CGO-OEQ-VHFS-00414 | N71: MPL07179
A72: 70 | B72: MALE-COL-COG-NA-NA | C72: MPL14884 | D72: VHF SETS (MOTROLA - XIR P3688 | E72: 752EZKD012 | F72: In stock | G72: POD-MCH | L72: 672TGZ9828 | N72: MPL07188
A73: 71 | B73: MALE-COL-COG-NA-NA | C73: MPL14883 | D73: VHF SETS (MOTROLA - XIR P3688 | E73: 752EZKD032 | F73: B-Shift - 14.06.25 | G73: MCH | L73: 672TQUE266 | M73: MPA-CGO-OEQ-VHFS-184 | N73: MPL07184
A74: 72 | B74: MALE-COL-COG-NA-NA | C74: MPL14882 | D74: VHF SETS (MOTROLA - XIR P3688 | E74: 752EZKD054 | F74: B-Shift - 14.06.25 | G74: MCH | L74: 672TGH5654 | M74: MPL-COD-OEQ-VHFS-00280 | N74: MPL07190 | P74: COD 17/17
A75: 73 | B75: MALE-COL-COG-NA-NA | C75: MPL14881 | D75: VHF SETS (MOTROLA - XIR P3688 | E75: 752EZKD065 | F75: In stock | G75: POD-MCH | L75: 672TGH5655 | M75: MPA-CGO-OEQ-VHFS-00342
A76: 74 | B76: MALE-COL-COG-NA-NA | C76: MPL14880 | D76: VHF SETS (MOTROLA - XIR P3688 | E76: 752EZMH069 | F76: B-Shift - 14.06.25 | G76: MCH | L76: 672TGG9511 | M76: MPA-CG0-VHFS-58
A77: 75 | B77: MALE-COL-COG-NA-NA | C77: MPL14879 | D77: VHF SETS (MOTROLA - XIR P3688 | E77: 752EZMH108 | F77: C-Shift - 14.06.25 | G77: POD-MCH
A78: 76 | B78: MALE-COL-COG-NA-NA | C78: MPL14878 | D78: VHF SETS (MOTROLA - XIR P3688 | E78: 752EZMJ606 | F78: C-Shift - 14.06.25 | G78: POD-MCH
A79: 77 | B79: MALE-COL-COG-NA-NA | C79: MPL14877 | D79: VHF SETS (MOTROLA - XIR P3688 | E79: 752EZMJ667 | F79: C-Shift - 14.06.25 | G79: POD-MCH
A80: 78 | B80: MALE-COL-COG-NA-NA | C80: MPL14876 | D80: VHF SETS (MOTROLA - XIR P3688 | E80: 752EZMJ678 | F80: B-Shift - 14.06.25 | G80: MCH
A81: 79 | B81: MALE-COL-COG-NA-NA | C81: MPL14875 | D81: VHF SETS (MOTROLA - XIR P3688 | E81: 752EZMJ688 | F81: In stock | G81: POD-MCH
A82: 80 | B82: MALE-COL-COG-NA-NA | C82: MPL14874 | D82: VHF SETS (MOTROLA - XIR P3688 | E82: 752EZMJ690 | F82: In stock | G82: POD-MCH
A83: 81 | B83: MALE-COL-COG-NA-NA | C83: MPL14872 | D83: VHF SETS (MOTROLA - XIR P3688 | E83: 752EZMJ728 | F83: In stock | G83: POD-MCH
A84: 82 | B84: MALE-COL-COG-NA-NA | C84: MPL14869 | D84: VHF SETS (MOTROLA - XIR P3688 | E84: 752EZMJ762 | F84: B-Shift - 14.06.25 | G84: MCH
A85: 83 | B85: MPL-CGO-OEQ-VHFS- 00739 | C85: MPL13024 | D85: MOTROLA | E85: 752TXFF490 | F85: MCD | G85: POD-MCH
A86: 84 | B86: MPL-CGO-OEQ-VHFS- 00740 | C86: MPL13025 | D86: MOTROLA | E86: 752TXFF458 | F86: MCD | G86: POD-MCH
A87: 85 | B87: MPL-CGO-OEQ-VHFS- 00741 | C87: MPL13026 | D87: MOTROLA | E87: 752TXFF589 | F87: MCD | G87: POD-MCH
A88: 86 | B88: MPL-CGO-OEQ-VHFS- 00711 | C88: MPL12996 | D88: MOTROLA | E88: 752TXFU899 | F88: POD - Office | G88: POD-MCH
A89: 87 | B89: MPL-CGO-OEQ-VHFS- 00712 | C89: MPL12997 | D89: MOTROLA | E89: 752TXFF528 | F89: POD - Office | G89: POD-MCH
A90: 88 | D90: Vertex Standard (Bass Station) | E90: 4B7K260038 | F90: POD - Office | G90: POD-MCH
A91: 89 | D91: Vertex Standard (Bass Station) | E91: 1MB52441 | F91: POD - Office | G91: POD-MCH
A92: 90 | D92: MOTOROLA | E92: 546TURB564 | F92: POD - Office | G92: POD-MCH
A93: 90 | B93: MPL-CGO-OEQ-VHFS- 00706 | C93: MPL12991 | D93: MOTOROLA | E93: 752TXFU909 | F93: Tally | G93: POD-MCH
